date,theta0,theta1,theta2,theta3,lambda1,lambda2,raw_data_json
2024-01-02,0.988688,3.113811,-3.60705,4.903049,2.11054,11.853639,"{""date"": ""2024-01-02"", ""period"": ""02 Jan 2024"", ""beta0"": 0.988688, ""beta1"": 3.113811, ""beta2"": -3.60705, ""beta3"": 4.903049, ""tau1"": 2.11054, ""tau2"": 11.853639}"
2024-01-03,1.020152,3.131294,-3.552471,4.775223,2.054197,12.102041,"{""date"": ""2024-01-03"", ""period"": ""03 Jan 2024"", ""beta0"": 1.020152, ""beta1"": 3.131294, ""beta2"": -3.552471, ""beta3"": 4.775223, ""tau1"": 2.054197, ""tau2"": 12.102041}"
2024-01-04,1.025413,3.120911,-3.227703,4.898865,1.985154,12.266894,"{""date"": ""2024-01-04"", ""period"": ""04 Jan 2024"", ""beta0"": 1.025413, ""beta1"": 3.120911, ""beta2"": -3.227703, ""beta3"": 4.898865, ""tau1"": 1.985154, ""tau2"": 12.266894}"
2024-01-05,1.03932,3.136538,-3.045534,4.863434,2.01264,12.375885,"{""date"": ""2024-01-05"", ""period"": ""05 Jan 2024"", ""beta0"": 1.03932, ""beta1"": 3.136538, ""beta2"": -3.045534, ""beta3"": 4.863434, ""tau1"": 2.01264, ""tau2"": 12.375885}"
2024-01-08,1.028809,3.137636,-3.217217,4.952947,2.068645,12.315142,"{""date"": ""2024-01-08"", ""period"": ""08 Jan 2024"", ""beta0"": 1.028809, ""beta1"": 3.137636, ""beta2"": -3.217217, ""beta3"": 4.952947, ""tau1"": 2.068645, ""tau2"": 12.315142}"
2024-01-09,1.032444,3.140892,-2.988605,4.891126,1.957671,12.333726,"{""date"": ""2024-01-09"", ""period"": ""09 Jan 2024"", ""beta0"": 1.032444, ""beta1"": 3.140892, ""beta2"": -2.988605, ""beta3"": 4.891126, ""tau1"": 1.957671, ""tau2"": 12.333726}"
2024-01-10,1.066539,3.157123,-2.779106,4.705015,1.848451,12.496371,"{""date"": ""2024-01-10"", ""period"": ""10 Jan 2024"", ""beta0"": 1.066539, ""beta1"": 3.157123, ""beta2"": -2.779106, ""beta3"": 4.705015, ""tau1"": 1.848451, ""tau2"": 12.496371}"
2024-01-11,1.06005,3.095625,-2.821171,4.725758,1.916541,12.473664,"{""date"": ""2024-01-11"", ""period"": ""11 Jan 2024"", ""beta0"": 1.06005, ""beta1"": 3.095625, ""beta2"": -2.821171, ""beta3"": 4.725758, ""tau1"": 1.916541, ""tau2"": 12.473664}"
2024-01-12,1.020377,3.13521,-3.118051,4.955828,1.985316,12.548048,"{""date"": ""2024-01-12"", ""period"": ""12 Jan 2024"", ""beta0"": 1.020377, ""beta1"": 3.13521, ""beta2"": -3.118051, ""beta3"": 4.955828, ""tau1"": 1.985316, ""tau2"": 12.548048}"
2024-01-15,1.007393,3.141681,-3.056867,5.149125,1.991575,12.379791,"{""date"": ""2024-01-15"", ""period"": ""15 Jan 2024"", ""beta0"": 1.007393, ""beta1"": 3.141681, ""beta2"": -3.056867, ""beta3"": 5.149125, ""tau1"": 1.991575, ""tau2"": 12.379791}"
2024-01-16,1.005523,3.154509,-3.187666,5.153892,2.046928,12.394678,"{""date"": ""2024-01-16"", ""period"": ""16 Jan 2024"", ""beta0"": 1.005523, ""beta1"": 3.154509, ""beta2"": -3.187666, ""beta3"": 5.153892, ""tau1"": 2.046928, ""tau2"": 12.394678}"
2024-01-17,1.000874,3.200865,-2.953692,5.257379,2.070751,12.350401,"{""date"": ""2024-01-17"", ""period"": ""17 Jan 2024"", ""beta0"": 1.000874, ""beta1"": 3.200865, ""beta2"": -2.953692, ""beta3"": 5.257379, ""tau1"": 2.070751, ""tau2"": 12.350401}"
2024-01-18,1.00132,3.158334,-2.935327,5.364203,2.117751,12.370561,"{""date"": ""2024-01-18"", ""period"": ""18 Jan 2024"", ""beta0"": 1.00132, ""beta1"": 3.158334, ""beta2"": -2.935327, ""beta3"": 5.364203, ""tau1"": 2.117751, ""tau2"": 12.370561}"
2024-01-19,1.000654,3.14747,-2.648912,5.254677,1.971834,12.23027,"{""date"": ""2024-01-19"", ""period"": ""19 Jan 2024"", ""beta0"": 1.000654, ""beta1"": 3.14747, ""beta2"": -2.648912, ""beta3"": 5.254677, ""tau1"": 1.971834, ""tau2"": 12.23027}"
2024-01-22,1.039646,3.186419,-2.776354,4.948563,1.926733,12.104406,"{""date"": ""2024-01-22"", ""period"": ""22 Jan 2024"", ""beta0"": 1.039646, ""beta1"": 3.186419, ""beta2"": -2.776354, ""beta3"": 4.948563, ""tau1"": 1.926733, ""tau2"": 12.104406}"
2024-01-23,1.024962,3.176994,-2.765659,5.212884,1.971464,12.108989,"{""date"": ""2024-01-23"", ""period"": ""23 Jan 2024"", ""beta0"": 1.024962, ""beta1"": 3.176994, ""beta2"": -2.765659, ""beta3"": 5.212884, ""tau1"": 1.971464, ""tau2"": 12.108989}"
2024-01-24,1.022804,3.17387,-2.787363,5.212466,1.96998,12.050015,"{""date"": ""2024-01-24"", ""period"": ""24 Jan 2024"", ""beta0"": 1.022804, ""beta1"": 3.17387, ""beta2"": -2.787363, ""beta3"": 5.212466, ""tau1"": 1.96998, ""tau2"": 12.050015}"
2024-01-25,1.020907,3.124089,-2.745004,5.183563,1.89264,12.032376,"{""date"": ""2024-01-25"", ""period"": ""25 Jan 2024"", ""beta0"": 1.020907, ""beta1"": 3.124089, ""beta2"": -2.745004, ""beta3"": 5.183563, ""tau1"": 1.89264, ""tau2"": 12.032376}"
2024-01-26,1.043022,3.159867,-2.738651,5.147941,1.803912,11.933108,"{""date"": ""2024-01-26"", ""period"": ""26 Jan 2024"", ""beta0"": 1.043022, ""beta1"": 3.159867, ""beta2"": -2.738651, ""beta3"": 5.147941, ""tau1"": 1.803912, ""tau2"": 11.933108}"
2024-01-29,1.039591,3.175042,-2.977679,5.045426,1.817315,11.855583,"{""date"": ""2024-01-29"", ""period"": ""29 Jan 2024"", ""beta0"": 1.039591, ""beta1"": 3.175042, ""beta2"": -2.977679, ""beta3"": 5.045426, ""tau1"": 1.817315, ""tau2"": 11.855583}"
2024-01-30,1.00968,3.167329,-2.801769,5.128486,1.78262,12.054948,"{""date"": ""2024-01-30"", ""period"": ""30 Jan 2024"", ""beta0"": 1.00968, ""beta1"": 3.167329, ""beta2"": -2.801769, ""beta3"": 5.128486, ""tau1"": 1.78262, ""tau2"": 12.054948}"
2024-01-31,1.015488,3.135896,-2.965928,4.950793,1.815529,11.997188,"{""date"": ""2024-01-31"", ""period"": ""31 Jan 2024"", ""beta0"": 1.015488, ""beta1"": 3.135896, ""beta2"": -2.965928, ""beta3"": 4.950793, ""tau1"": 1.815529, ""tau2"": 11.997188}"
2024-02-01,1.025462,3.131119,-2.888749,4.821188,1.783573,12.014543,"{""date"": ""2024-02-01"", ""period"": ""01 Feb 2024"", ""beta0"": 1.025462, ""beta1"": 3.131119, ""beta2"": -2.888749, ""beta3"": 4.821188, ""tau1"": 1.783573, ""tau2"": 12.014543}"
2024-02-02,1.047213,3.141485,-2.844574,4.788849,1.884759,12.206777,"{""date"": ""2024-02-02"", ""period"": ""02 Feb 2024"", ""beta0"": 1.047213, ""beta1"": 3.141485, ""beta2"": -2.844574, ""beta3"": 4.788849, ""tau1"": 1.884759, ""tau2"": 12.206777}"
2024-02-05,1.072702,3.115028,-2.582165,4.951361,1.820299,12.134378,"{""date"": ""2024-02-05"", ""period"": ""05 Feb 2024"", ""beta0"": 1.072702, ""beta1"": 3.115028, ""beta2"": -2.582165, ""beta3"": 4.951361, ""tau1"": 1.820299, ""tau2"": 12.134378}"
2024-02-06,1.048701,3.103844,-2.60843,5.097318,1.88329,12.208092,"{""date"": ""2024-02-06"", ""period"": ""06 Feb 2024"", ""beta0"": 1.048701, ""beta1"": 3.103844, ""beta2"": -2.60843, ""beta3"": 5.097318, ""tau1"": 1.88329, ""tau2"": 12.208092}"
2024-02-07,1.053972,3.106706,-2.627585,5.049374,1.859582,12.23215,"{""date"": ""2024-02-07"", ""period"": ""07 Feb 2024"", ""beta0"": 1.053972, ""beta1"": 3.106706, ""beta2"": -2.627585, ""beta3"": 5.049374, ""tau1"": 1.859582, ""tau2"": 12.23215}"
2024-02-08,1.038521,3.097903,-2.475124,5.187737,1.899331,12.13841,"{""date"": ""2024-02-08"", ""period"": ""08 Feb 2024"", ""beta0"": 1.038521, ""beta1"": 3.097903, ""beta2"": -2.475124, ""beta3"": 5.187737, ""tau1"": 1.899331, ""tau2"": 12.13841}"
2024-02-09,1.007126,3.098153,-2.307911,5.32,1.949786,12.196048,"{""date"": ""2024-02-09"", ""period"": ""09 Feb 2024"", ""beta0"": 1.007126, ""beta1"": 3.098153, ""beta2"": -2.307911, ""beta3"": 5.32, ""tau1"": 1.949786, ""tau2"": 12.196048}"
2024-02-12,1.040943,3.113736,-2.330082,5.181946,1.893625,12.24502,"{""date"": ""2024-02-12"", ""period"": ""12 Feb 2024"", ""beta0"": 1.040943, ""beta1"": 3.113736, ""beta2"": -2.330082, ""beta3"": 5.181946, ""tau1"": 1.893625, ""tau2"": 12.24502}"
2024-02-13,0.998358,3.1247,-2.259349,5.294182,1.986211,12.250661,"{""date"": ""2024-02-13"", ""period"": ""13 Feb 2024"", ""beta0"": 0.998358, ""beta1"": 3.1247, ""beta2"": -2.259349, ""beta3"": 5.294182, ""tau1"": 1.986211, ""tau2"": 12.250661}"
2024-02-14,0.990927,3.121491,-2.505511,5.360349,2.164826,12.185513,"{""date"": ""2024-02-14"", ""period"": ""14 Feb 2024"", ""beta0"": 0.990927, ""beta1"": 3.121491, ""beta2"": -2.505511, ""beta3"": 5.360349, ""tau1"": 2.164826, ""tau2"": 12.185513}"
2024-02-15,1.006838,3.091165,-2.620749,5.1741,2.22279,12.280369,"{""date"": ""2024-02-15"", ""period"": ""15 Feb 2024"", ""beta0"": 1.006838, ""beta1"": 3.091165, ""beta2"": -2.620749, ""beta3"": 5.1741, ""tau1"": 2.22279, ""tau2"": 12.280369}"
2024-02-16,0.994919,3.090776,-2.308645,5.294686,2.213506,12.219307,"{""date"": ""2024-02-16"", ""period"": ""16 Feb 2024"", ""beta0"": 0.994919, ""beta1"": 3.090776, ""beta2"": -2.308645, ""beta3"": 5.294686, ""tau1"": 2.213506, ""tau2"": 12.219307}"
2024-02-19,1.035538,3.050205,-2.455372,5.27021,2.275074,12.25052,"{""date"": ""2024-02-19"", ""period"": ""19 Feb 2024"", ""beta0"": 1.035538, ""beta1"": 3.050205, ""beta2"": -2.455372, ""beta3"": 5.27021, ""tau1"": 2.275074, ""tau2"": 12.25052}"
2024-02-20,1.048424,3.025773,-2.475404,5.120954,2.218056,12.086514,"{""date"": ""2024-02-20"", ""period"": ""20 Feb 2024"", ""beta0"": 1.048424, ""beta1"": 3.025773, ""beta2"": -2.475404, ""beta3"": 5.120954, ""tau1"": 2.218056, ""tau2"": 12.086514}"
2024-02-21,1.055841,3.022112,-2.308777,5.157579,2.188954,12.350936,"{""date"": ""2024-02-21"", ""period"": ""21 Feb 2024"", ""beta0"": 1.055841, ""beta1"": 3.022112, ""beta2"": -2.308777, ""beta3"": 5.157579, ""tau1"": 2.188954, ""tau2"": 12.350936}"
2024-02-22,1.008923,3.070828,-2.038923,5.121349,2.182929,12.439471,"{""date"": ""2024-02-22"", ""period"": ""22 Feb 2024"", ""beta0"": 1.008923, ""beta1"": 3.070828, ""beta2"": -2.038923, ""beta3"": 5.121349, ""tau1"": 2.182929, ""tau2"": 12.439471}"
2024-02-23,0.999832,3.075363,-2.12883,5.044622,2.216478,12.458503,"{""date"": ""2024-02-23"", ""period"": ""23 Feb 2024"", ""beta0"": 0.999832, ""beta1"": 3.075363, ""beta2"": -2.12883, ""beta3"": 5.044622, ""tau1"": 2.216478, ""tau2"": 12.458503}"
2024-02-26,0.978335,3.085988,-2.389321,5.311771,2.461398,12.310346,"{""date"": ""2024-02-26"", ""period"": ""26 Feb 2024"", ""beta0"": 0.978335, ""beta1"": 3.085988, ""beta2"": -2.389321, ""beta3"": 5.311771, ""tau1"": 2.461398, ""tau2"": 12.310346}"
2024-02-27,0.93853,3.105947,-2.452209,5.587405,2.519232,12.294571,"{""date"": ""2024-02-27"", ""period"": ""27 Feb 2024"", ""beta0"": 0.93853, ""beta1"": 3.105947, ""beta2"": -2.452209, ""beta3"": 5.587405, ""tau1"": 2.519232, ""tau2"": 12.294571}"
2024-02-28,0.935749,3.100161,-2.346284,5.619842,2.478594,12.266263,"{""date"": ""2024-02-28"", ""period"": ""28 Feb 2024"", ""beta0"": 0.935749, ""beta1"": 3.100161, ""beta2"": -2.346284, ""beta3"": 5.619842, ""tau1"": 2.478594, ""tau2"": 12.266263}"
2024-02-29,0.921227,3.108008,-2.361584,5.503357,2.499444,12.178836,"{""date"": ""2024-02-29"", ""period"": ""29 Feb 2024"", ""beta0"": 0.921227, ""beta1"": 3.108008, ""beta2"": -2.361584, ""beta3"": 5.503357, ""tau1"": 2.499444, ""tau2"": 12.178836}"
2024-03-01,0.926104,3.110284,-2.488821,5.67546,2.519686,12.133567,"{""date"": ""2024-03-01"", ""period"": ""01 Mar 2024"", ""beta0"": 0.926104, ""beta1"": 3.110284, ""beta2"": -2.488821, ""beta3"": 5.67546, ""tau1"": 2.519686, ""tau2"": 12.133567}"
2024-03-04,0.914936,3.112524,-2.71756,5.623669,2.651883,12.322504,"{""date"": ""2024-03-04"", ""period"": ""04 Mar 2024"", ""beta0"": 0.914936, ""beta1"": 3.112524, ""beta2"": -2.71756, ""beta3"": 5.623669, ""tau1"": 2.651883, ""tau2"": 12.322504}"
2024-03-05,0.889977,3.109614,-2.786777,5.472678,2.717056,12.315923,"{""date"": ""2024-03-05"", ""period"": ""05 Mar 2024"", ""beta0"": 0.889977, ""beta1"": 3.109614, ""beta2"": -2.786777, ""beta3"": 5.472678, ""tau1"": 2.717056, ""tau2"": 12.315923}"
2024-03-06,0.889221,3.118112,-2.807293,5.482602,2.702252,12.333848,"{""date"": ""2024-03-06"", ""period"": ""06 Mar 2024"", ""beta0"": 0.889221, ""beta1"": 3.118112, ""beta2"": -2.807293, ""beta3"": 5.482602, ""tau1"": 2.702252, ""tau2"": 12.333848}"
2024-03-07,0.894448,3.114951,-2.904477,5.452734,2.774478,12.372612,"{""date"": ""2024-03-07"", ""period"": ""07 Mar 2024"", ""beta0"": 0.894448, ""beta1"": 3.114951, ""beta2"": -2.904477, ""beta3"": 5.452734, ""tau1"": 2.774478, ""tau2"": 12.372612}"
2024-03-08,0.893298,3.116532,-2.939232,5.41258,2.604584,12.350537,"{""date"": ""2024-03-08"", ""period"": ""08 Mar 2024"", ""beta0"": 0.893298, ""beta1"": 3.116532, ""beta2"": -2.939232, ""beta3"": 5.41258, ""tau1"": 2.604584, ""tau2"": 12.350537}"
2024-03-11,0.89333,3.12046,-2.706222,5.45886,2.531498,12.383828,"{""date"": ""2024-03-11"", ""period"": ""11 Mar 2024"", ""beta0"": 0.89333, ""beta1"": 3.12046, ""beta2"": -2.706222, ""beta3"": 5.45886, ""tau1"": 2.531498, ""tau2"": 12.383828}"
2024-03-12,0.856708,3.179692,-2.639687,5.528149,2.555007,12.281147,"{""date"": ""2024-03-12"", ""period"": ""12 Mar 2024"", ""beta0"": 0.856708, ""beta1"": 3.179692, ""beta2"": -2.639687, ""beta3"": 5.528149, ""tau1"": 2.555007, ""tau2"": 12.281147}"
2024-03-13,0.853074,3.193811,-2.357708,5.48442,2.389556,12.362634,"{""date"": ""2024-03-13"", ""period"": ""13 Mar 2024"", ""beta0"": 0.853074, ""beta1"": 3.193811, ""beta2"": -2.357708, ""beta3"": 5.48442, ""tau1"": 2.389556, ""tau2"": 12.362634}"
2024-03-14,0.840473,3.202999,-2.204007,5.722943,2.343749,12.208801,"{""date"": ""2024-03-14"", ""period"": ""14 Mar 2024"", ""beta0"": 0.840473, ""beta1"": 3.202999, ""beta2"": -2.204007, ""beta3"": 5.722943, ""tau1"": 2.343749, ""tau2"": 12.208801}"
2024-03-15,0.870938,3.183196,-2.205681,5.628061,2.398452,12.251224,"{""date"": ""2024-03-15"", ""period"": ""15 Mar 2024"", ""beta0"": 0.870938, ""beta1"": 3.183196, ""beta2"": -2.205681, ""beta3"": 5.628061, ""tau1"": 2.398452, ""tau2"": 12.251224}"
2024-03-18,0.885278,3.160634,-2.17082,5.640908,2.372676,12.257813,"{""date"": ""2024-03-18"", ""period"": ""18 Mar 2024"", ""beta0"": 0.885278, ""beta1"": 3.160634, ""beta2"": -2.17082, ""beta3"": 5.640908, ""tau1"": 2.372676, ""tau2"": 12.257813}"
2024-03-19,0.894716,3.149408,-2.448452,5.724953,2.466018,12.332218,"{""date"": ""2024-03-19"", ""period"": ""19 Mar 2024"", ""beta0"": 0.894716, ""beta1"": 3.149408, ""beta2"": -2.448452, ""beta3"": 5.724953, ""tau1"": 2.466018, ""tau2"": 12.332218}"
2024-03-20,0.888627,3.160482,-2.240385,5.599295,2.387301,12.33347,"{""date"": ""2024-03-20"", ""period"": ""20 Mar 2024"", ""beta0"": 0.888627, ""beta1"": 3.160482, ""beta2"": -2.240385, ""beta3"": 5.599295, ""tau1"": 2.387301, ""tau2"": 12.33347}"
2024-03-21,0.917612,3.14251,-2.49181,5.635543,2.420262,12.312327,"{""date"": ""2024-03-21"", ""period"": ""21 Mar 2024"", ""beta0"": 0.917612, ""beta1"": 3.14251, ""beta2"": -2.49181, ""beta3"": 5.635543, ""tau1"": 2.420262, ""tau2"": 12.312327}"
2024-03-22,0.859129,3.128591,-2.907682,5.741578,2.672114,12.143449,"{""date"": ""2024-03-22"", ""period"": ""22 Mar 2024"", ""beta0"": 0.859129, ""beta1"": 3.128591, ""beta2"": -2.907682, ""beta3"": 5.741578, ""tau1"": 2.672114, ""tau2"": 12.143449}"
2024-03-25,0.847937,3.119724,-2.601403,5.715128,2.611985,12.084337,"{""date"": ""2024-03-25"", ""period"": ""25 Mar 2024"", ""beta0"": 0.847937, ""beta1"": 3.119724, ""beta2"": -2.601403, ""beta3"": 5.715128, ""tau1"": 2.611985, ""tau2"": 12.084337}"
2024-03-26,0.844799,3.110484,-2.908569,5.839316,2.788064,11.985885,"{""date"": ""2024-03-26"", ""period"": ""26 Mar 2024"", ""beta0"": 0.844799, ""beta1"": 3.110484, ""beta2"": -2.908569, ""beta3"": 5.839316, ""tau1"": 2.788064, ""tau2"": 11.985885}"
2024-03-27,0.850458,3.120668,-2.853653,5.604183,2.640331,11.994946,"{""date"": ""2024-03-27"", ""period"": ""27 Mar 2024"", ""beta0"": 0.850458, ""beta1"": 3.120668, ""beta2"": -2.853653, ""beta3"": 5.604183, ""tau1"": 2.640331, ""tau2"": 11.994946}"
2024-03-28,0.869438,3.12492,-2.670601,5.427861,2.520762,11.928666,"{""date"": ""2024-03-28"", ""period"": ""28 Mar 2024"", ""beta0"": 0.869438, ""beta1"": 3.12492, ""beta2"": -2.670601, ""beta3"": 5.427861, ""tau1"": 2.520762, ""tau2"": 11.928666}"
2024-04-02,0.853369,3.117231,-2.539239,5.928586,2.452239,11.918371,"{""date"": ""2024-04-02"", ""period"": ""02 Apr 2024"", ""beta0"": 0.853369, ""beta1"": 3.117231, ""beta2"": -2.539239, ""beta3"": 5.928586, ""tau1"": 2.452239, ""tau2"": 11.918371}"
2024-04-03,0.848695,3.147694,-2.584597,5.936643,2.478046,11.917577,"{""date"": ""2024-04-03"", ""period"": ""03 Apr 2024"", ""beta0"": 0.848695, ""beta1"": 3.147694, ""beta2"": -2.584597, ""beta3"": 5.936643, ""tau1"": 2.478046, ""tau2"": 11.917577}"
2024-04-04,0.826411,3.183859,-2.665657,5.7805,2.473687,11.958057,"{""date"": ""2024-04-04"", ""period"": ""04 Apr 2024"", ""beta0"": 0.826411, ""beta1"": 3.183859, ""beta2"": -2.665657, ""beta3"": 5.7805, ""tau1"": 2.473687, ""tau2"": 11.958057}"
2024-04-05,0.810945,3.186207,-2.807376,5.997782,2.609493,11.916737,"{""date"": ""2024-04-05"", ""period"": ""05 Apr 2024"", ""beta0"": 0.810945, ""beta1"": 3.186207, ""beta2"": -2.807376, ""beta3"": 5.997782, ""tau1"": 2.609493, ""tau2"": 11.916737}"
2024-04-08,0.805558,3.155945,-2.394516,5.947721,2.478746,11.856419,"{""date"": ""2024-04-08"", ""period"": ""08 Apr 2024"", ""beta0"": 0.805558, ""beta1"": 3.155945, ""beta2"": -2.394516, ""beta3"": 5.947721, ""tau1"": 2.478746, ""tau2"": 11.856419}"
2024-04-09,0.804466,3.195464,-2.552307,5.791377,2.535192,11.895376,"{""date"": ""2024-04-09"", ""period"": ""09 Apr 2024"", ""beta0"": 0.804466, ""beta1"": 3.195464, ""beta2"": -2.552307, ""beta3"": 5.791377, ""tau1"": 2.535192, ""tau2"": 11.895376}"
2024-04-10,0.789432,3.198544,-3.937374,6.617492,3.077428,9.829243,"{""date"": ""2024-04-10"", ""period"": ""10 Apr 2024"", ""beta0"": 0.789432, ""beta1"": 3.198544, ""beta2"": -3.937374, ""beta3"": 6.617492, ""tau1"": 3.077428, ""tau2"": 9.829243}"
2024-04-11,0.783606,3.189655,-4.028967,6.861081,3.130153,9.831987,"{""date"": ""2024-04-11"", ""period"": ""11 Apr 2024"", ""beta0"": 0.783606, ""beta1"": 3.189655, ""beta2"": -4.028967, ""beta3"": 6.861081, ""tau1"": 3.130153, ""tau2"": 9.831987}"
2024-04-12,0.784304,3.180909,-4.090315,6.534526,3.018813,9.830185,"{""date"": ""2024-04-12"", ""period"": ""12 Apr 2024"", ""beta0"": 0.784304, ""beta1"": 3.180909, ""beta2"": -4.090315, ""beta3"": 6.534526, ""tau1"": 3.018813, ""tau2"": 9.830185}"
2024-04-15,0.753483,3.146255,-3.538722,6.651324,2.931201,10.177098,"{""date"": ""2024-04-15"", ""period"": ""15 Apr 2024"", ""beta0"": 0.753483, ""beta1"": 3.146255, ""beta2"": -3.538722, ""beta3"": 6.651324, ""tau1"": 2.931201, ""tau2"": 10.177098}"
2024-04-16,0.772993,3.138514,-3.329496,6.694808,2.855849,10.347039,"{""date"": ""2024-04-16"", ""period"": ""16 Apr 2024"", ""beta0"": 0.772993, ""beta1"": 3.138514, ""beta2"": -3.329496, ""beta3"": 6.694808, ""tau1"": 2.855849, ""tau2"": 10.347039}"
2024-04-17,0.779258,3.142314,-3.470973,6.65365,2.93362,10.209181,"{""date"": ""2024-04-17"", ""period"": ""17 Apr 2024"", ""beta0"": 0.779258, ""beta1"": 3.142314, ""beta2"": -3.470973, ""beta3"": 6.65365, ""tau1"": 2.93362, ""tau2"": 10.209181}"
2024-04-18,0.771581,3.13614,-3.057099,6.4732,2.848601,10.598576,"{""date"": ""2024-04-18"", ""period"": ""18 Apr 2024"", ""beta0"": 0.771581, ""beta1"": 3.13614, ""beta2"": -3.057099, ""beta3"": 6.4732, ""tau1"": 2.848601, ""tau2"": 10.598576}"
2024-04-19,0.767524,3.132557,-2.964937,6.488088,2.929401,10.7424,"{""date"": ""2024-04-19"", ""period"": ""19 Apr 2024"", ""beta0"": 0.767524, ""beta1"": 3.132557, ""beta2"": -2.964937, ""beta3"": 6.488088, ""tau1"": 2.929401, ""tau2"": 10.7424}"
2024-04-22,0.770697,3.129323,-3.072377,6.564028,2.871857,10.679093,"{""date"": ""2024-04-22"", ""period"": ""22 Apr 2024"", ""beta0"": 0.770697, ""beta1"": 3.129323, ""beta2"": -3.072377, ""beta3"": 6.564028, ""tau1"": 2.871857, ""tau2"": 10.679093}"
2024-04-23,0.783726,3.094884,-2.901032,6.389308,2.830207,10.737601,"{""date"": ""2024-04-23"", ""period"": ""23 Apr 2024"", ""beta0"": 0.783726, ""beta1"": 3.094884, ""beta2"": -2.901032, ""beta3"": 6.389308, ""tau1"": 2.830207, ""tau2"": 10.737601}"
2024-04-24,0.793966,3.078906,-2.985841,6.713454,2.965668,10.76575,"{""date"": ""2024-04-24"", ""period"": ""24 Apr 2024"", ""beta0"": 0.793966, ""beta1"": 3.078906, ""beta2"": -2.985841, ""beta3"": 6.713454, ""tau1"": 2.965668, ""tau2"": 10.76575}"
2024-04-25,0.800291,3.085896,-2.977309,6.852752,3.056478,10.834817,"{""date"": ""2024-04-25"", ""period"": ""25 Apr 2024"", ""beta0"": 0.800291, ""beta1"": 3.085896, ""beta2"": -2.977309, ""beta3"": 6.852752, ""tau1"": 3.056478, ""tau2"": 10.834817}"
2024-04-26,0.806118,3.068545,-3.033317,6.606676,3.061852,10.799105,"{""date"": ""2024-04-26"", ""period"": ""26 Apr 2024"", ""beta0"": 0.806118, ""beta1"": 3.068545, ""beta2"": -3.033317, ""beta3"": 6.606676, ""tau1"": 3.061852, ""tau2"": 10.799105}"
2024-04-29,0.795083,3.07214,-3.087861,6.589495,3.037496,10.776578,"{""date"": ""2024-04-29"", ""period"": ""29 Apr 2024"", ""beta0"": 0.795083, ""beta1"": 3.07214, ""beta2"": -3.087861, ""beta3"": 6.589495, ""tau1"": 3.037496, ""tau2"": 10.776578}"
2024-04-30,0.810164,3.089783,-3.094179,6.632425,3.17502,10.834675,"{""date"": ""2024-04-30"", ""period"": ""30 Apr 2024"", ""beta0"": 0.810164, ""beta1"": 3.089783, ""beta2"": -3.094179, ""beta3"": 6.632425, ""tau1"": 3.17502, ""tau2"": 10.834675}"
2024-05-02,0.803341,3.085711,-3.025732,6.55092,3.08828,10.762684,"{""date"": ""2024-05-02"", ""period"": ""02 May 2024"", ""beta0"": 0.803341, ""beta1"": 3.085711, ""beta2"": -3.025732, ""beta3"": 6.55092, ""tau1"": 3.08828, ""tau2"": 10.762684}"
2024-05-03,0.756884,3.080959,-3.210987,6.606746,3.149254,10.755513,"{""date"": ""2024-05-03"", ""period"": ""03 May 2024"", ""beta0"": 0.756884, ""beta1"": 3.080959, ""beta2"": -3.210987, ""beta3"": 6.606746, ""tau1"": 3.149254, ""tau2"": 10.755513}"
2024-05-06,0.790312,3.070425,-3.624898,6.702288,3.316607,10.729179,"{""date"": ""2024-05-06"", ""period"": ""06 May 2024"", ""beta0"": 0.790312, ""beta1"": 3.070425, ""beta2"": -3.624898, ""beta3"": 6.702288, ""tau1"": 3.316607, ""tau2"": 10.729179}"
2024-05-07,0.768446,3.082767,-3.853151,6.779908,3.424758,10.587747,"{""date"": ""2024-05-07"", ""period"": ""07 May 2024"", ""beta0"": 0.768446, ""beta1"": 3.082767, ""beta2"": -3.853151, ""beta3"": 6.779908, ""tau1"": 3.424758, ""tau2"": 10.587747}"
2024-05-08,0.767214,3.073734,-3.750566,6.827636,3.416638,10.535163,"{""date"": ""2024-05-08"", ""period"": ""08 May 2024"", ""beta0"": 0.767214, ""beta1"": 3.073734, ""beta2"": -3.750566, ""beta3"": 6.827636, ""tau1"": 3.416638, ""tau2"": 10.535163}"
2024-05-09,0.767238,3.071596,-3.782534,7.01457,3.446064,10.668248,"{""date"": ""2024-05-09"", ""period"": ""09 May 2024"", ""beta0"": 0.767238, ""beta1"": 3.071596, ""beta2"": -3.782534, ""beta3"": 7.01457, ""tau1"": 3.446064, ""tau2"": 10.668248}"
2024-05-10,0.782373,3.069707,-3.580414,6.830357,3.385839,10.698421,"{""date"": ""2024-05-10"", ""period"": ""10 May 2024"", ""beta0"": 0.782373, ""beta1"": 3.069707, ""beta2"": -3.580414, ""beta3"": 6.830357, ""tau1"": 3.385839, ""tau2"": 10.698421}"
2024-05-13,0.778453,3.068747,-3.492631,6.788126,3.32943,10.817756,"{""date"": ""2024-05-13"", ""period"": ""13 May 2024"", ""beta0"": 0.778453, ""beta1"": 3.068747, ""beta2"": -3.492631, ""beta3"": 6.788126, ""tau1"": 3.32943, ""tau2"": 10.817756}"
2024-05-14,0.771975,3.066816,-3.406987,6.8531,3.303475,10.763637,"{""date"": ""2024-05-14"", ""period"": ""14 May 2024"", ""beta0"": 0.771975, ""beta1"": 3.066816, ""beta2"": -3.406987, ""beta3"": 6.8531, ""tau1"": 3.303475, ""tau2"": 10.763637}"
2024-05-15,0.77941,3.072078,-3.631319,6.71912,3.310504,10.808541,"{""date"": ""2024-05-15"", ""period"": ""15 May 2024"", ""beta0"": 0.77941, ""beta1"": 3.072078, ""beta2"": -3.631319, ""beta3"": 6.71912, ""tau1"": 3.310504, ""tau2"": 10.808541}"
2024-05-16,0.760498,3.072049,-3.549809,6.717749,3.316609,10.764601,"{""date"": ""2024-05-16"", ""period"": ""16 May 2024"", ""beta0"": 0.760498, ""beta1"": 3.072049, ""beta2"": -3.549809, ""beta3"": 6.717749, ""tau1"": 3.316609, ""tau2"": 10.764601}"
2024-05-17,0.75967,3.08456,-3.25427,6.735828,3.250927,10.912687,"{""date"": ""2024-05-17"", ""period"": ""17 May 2024"", ""beta0"": 0.75967, ""beta1"": 3.08456, ""beta2"": -3.25427, ""beta3"": 6.735828, ""tau1"": 3.250927, ""tau2"": 10.912687}"
2024-05-20,0.732596,3.079149,-3.200197,6.849049,3.258736,10.857926,"{""date"": ""2024-05-20"", ""period"": ""20 May 2024"", ""beta0"": 0.732596, ""beta1"": 3.079149, ""beta2"": -3.200197, ""beta3"": 6.849049, ""tau1"": 3.258736, ""tau2"": 10.857926}"
2024-05-21,0.731621,3.077284,-3.252233,6.787897,3.27376,10.865027,"{""date"": ""2024-05-21"", ""period"": ""21 May 2024"", ""beta0"": 0.731621, ""beta1"": 3.077284, ""beta2"": -3.252233, ""beta3"": 6.787897, ""tau1"": 3.27376, ""tau2"": 10.865027}"
2024-05-22,0.741806,3.098448,-3.186511,6.795214,3.263808,10.926563,"{""date"": ""2024-05-22"", ""period"": ""22 May 2024"", ""beta0"": 0.741806, ""beta1"": 3.098448, ""beta2"": -3.186511, ""beta3"": 6.795214, ""tau1"": 3.263808, ""tau2"": 10.926563}"
2024-05-23,0.705077,3.06861,-3.397177,7.187662,3.673232,10.980621,"{""date"": ""2024-05-23"", ""period"": ""23 May 2024"", ""beta0"": 0.705077, ""beta1"": 3.06861, ""beta2"": -3.397177, ""beta3"": 7.187662, ""tau1"": 3.673232, ""tau2"": 10.980621}"
2024-05-24,0.723318,3.093294,-3.476686,7.184341,3.696305,10.937063,"{""date"": ""2024-05-24"", ""period"": ""24 May 2024"", ""beta0"": 0.723318, ""beta1"": 3.093294, ""beta2"": -3.476686, ""beta3"": 7.184341, ""tau1"": 3.696305, ""tau2"": 10.937063}"
2024-05-27,0.730494,3.048505,-3.428104,7.013305,3.604794,10.979413,"{""date"": ""2024-05-27"", ""period"": ""27 May 2024"", ""beta0"": 0.730494, ""beta1"": 3.048505, ""beta2"": -3.428104, ""beta3"": 7.013305, ""tau1"": 3.604794, ""tau2"": 10.979413}"
2024-05-28,0.717681,3.040728,-3.497593,7.186109,3.635882,10.804902,"{""date"": ""2024-05-28"", ""period"": ""28 May 2024"", ""beta0"": 0.717681, ""beta1"": 3.040728, ""beta2"": -3.497593, ""beta3"": 7.186109, ""tau1"": 3.635882, ""tau2"": 10.804902}"
2024-05-29,0.741884,3.05407,-3.471737,7.422883,3.621422,10.80521,"{""date"": ""2024-05-29"", ""period"": ""29 May 2024"", ""beta0"": 0.741884, ""beta1"": 3.05407, ""beta2"": -3.471737, ""beta3"": 7.422883, ""tau1"": 3.621422, ""tau2"": 10.80521}"
2024-05-30,0.733902,3.050407,-3.227928,7.365449,3.488365,10.894018,"{""date"": ""2024-05-30"", ""period"": ""30 May 2024"", ""beta0"": 0.733902, ""beta1"": 3.050407, ""beta2"": -3.227928, ""beta3"": 7.365449, ""tau1"": 3.488365, ""tau2"": 10.894018}"
2024-05-31,0.74133,3.07162,-3.119777,7.133733,3.435082,11.073637,"{""date"": ""2024-05-31"", ""period"": ""31 May 2024"", ""beta0"": 0.74133, ""beta1"": 3.07162, ""beta2"": -3.119777, ""beta3"": 7.133733, ""tau1"": 3.435082, ""tau2"": 11.073637}"
2024-06-03,0.727974,3.050546,-3.238265,7.1306,3.452538,10.928026,"{""date"": ""2024-06-03"", ""period"": ""03 Jun 2024"", ""beta0"": 0.727974, ""beta1"": 3.050546, ""beta2"": -3.238265, ""beta3"": 7.1306, ""tau1"": 3.452538, ""tau2"": 10.928026}"
2024-06-04,0.707864,3.031892,-3.15761,6.932657,3.403991,10.966434,"{""date"": ""2024-06-04"", ""period"": ""04 Jun 2024"", ""beta0"": 0.707864, ""beta1"": 3.031892, ""beta2"": -3.15761, ""beta3"": 6.932657, ""tau1"": 3.403991, ""tau2"": 10.966434}"
2024-06-05,0.717946,3.066081,-3.312248,6.881872,3.425409,10.955058,"{""date"": ""2024-06-05"", ""period"": ""05 Jun 2024"", ""beta0"": 0.717946, ""beta1"": 3.066081, ""beta2"": -3.312248, ""beta3"": 6.881872, ""tau1"": 3.425409, ""tau2"": 10.955058}"
2024-06-06,0.701024,3.034415,-3.475606,7.212791,3.673505,10.834583,"{""date"": ""2024-06-06"", ""period"": ""06 Jun 2024"", ""beta0"": 0.701024, ""beta1"": 3.034415, ""beta2"": -3.475606, ""beta3"": 7.212791, ""tau1"": 3.673505, ""tau2"": 10.834583}"
2024-06-07,0.710489,3.045542,-3.544179,7.387051,3.7849,10.691204,"{""date"": ""2024-06-07"", ""period"": ""07 Jun 2024"", ""beta0"": 0.710489, ""beta1"": 3.045542, ""beta2"": -3.544179, ""beta3"": 7.387051, ""tau1"": 3.7849, ""tau2"": 10.691204}"
2024-06-10,0.705886,3.044241,-3.339419,7.49621,3.631431,10.781198,"{""date"": ""2024-06-10"", ""period"": ""10 Jun 2024"", ""beta0"": 0.705886, ""beta1"": 3.044241, ""beta2"": -3.339419, ""beta3"": 7.49621, ""tau1"": 3.631431, ""tau2"": 10.781198}"
2024-06-11,0.686038,3.022425,-3.754781,7.844607,3.720831,10.652673,"{""date"": ""2024-06-11"", ""period"": ""11 Jun 2024"", ""beta0"": 0.686038, ""beta1"": 3.022425, ""beta2"": -3.754781, ""beta3"": 7.844607, ""tau1"": 3.720831, ""tau2"": 10.652673}"
2024-06-12,0.690721,3.028093,-4.198456,7.779539,3.865447,10.585904,"{""date"": ""2024-06-12"", ""period"": ""12 Jun 2024"", ""beta0"": 0.690721, ""beta1"": 3.028093, ""beta2"": -4.198456, ""beta3"": 7.779539, ""tau1"": 3.865447, ""tau2"": 10.585904}"
2024-06-13,0.664111,3.011908,-4.129689,7.800947,3.854312,10.615868,"{""date"": ""2024-06-13"", ""period"": ""13 Jun 2024"", ""beta0"": 0.664111, ""beta1"": 3.011908, ""beta2"": -4.129689, ""beta3"": 7.800947, ""tau1"": 3.854312, ""tau2"": 10.615868}"
2024-06-14,0.632126,2.990388,-4.503944,7.665401,3.812657,10.513664,"{""date"": ""2024-06-14"", ""period"": ""14 Jun 2024"", ""beta0"": 0.632126, ""beta1"": 2.990388, ""beta2"": -4.503944, ""beta3"": 7.665401, ""tau1"": 3.812657, ""tau2"": 10.513664}"
2024-06-17,0.611477,2.991586,-4.164605,7.697623,3.742726,10.468069,"{""date"": ""2024-06-17"", ""period"": ""17 Jun 2024"", ""beta0"": 0.611477, ""beta1"": 2.991586, ""beta2"": -4.164605, ""beta3"": 7.697623, ""tau1"": 3.742726, ""tau2"": 10.468069}"
2024-06-18,0.63149,2.981827,-4.119674,7.550542,3.720435,10.462493,"{""date"": ""2024-06-18"", ""period"": ""18 Jun 2024"", ""beta0"": 0.63149, ""beta1"": 2.981827, ""beta2"": -4.119674, ""beta3"": 7.550542, ""tau1"": 3.720435, ""tau2"": 10.462493}"
2024-06-19,0.6349,2.997193,-4.257844,7.636461,3.796168,10.489137,"{""date"": ""2024-06-19"", ""period"": ""19 Jun 2024"", ""beta0"": 0.6349, ""beta1"": 2.997193, ""beta2"": -4.257844, ""beta3"": 7.636461, ""tau1"": 3.796168, ""tau2"": 10.489137}"
2024-06-20,0.604284,2.972759,-4.36788,7.964326,3.971772,10.511871,"{""date"": ""2024-06-20"", ""period"": ""20 Jun 2024"", ""beta0"": 0.604284, ""beta1"": 2.972759, ""beta2"": -4.36788, ""beta3"": 7.964326, ""tau1"": 3.971772, ""tau2"": 10.511871}"
2024-06-21,0.602609,2.947903,-4.725092,8.133057,4.056544,10.516658,"{""date"": ""2024-06-21"", ""period"": ""21 Jun 2024"", ""beta0"": 0.602609, ""beta1"": 2.947903, ""beta2"": -4.725092, ""beta3"": 8.133057, ""tau1"": 4.056544, ""tau2"": 10.516658}"
2024-06-24,0.620417,2.96462,-5.086085,8.44467,4.200696,10.394432,"{""date"": ""2024-06-24"", ""period"": ""24 Jun 2024"", ""beta0"": 0.620417, ""beta1"": 2.96462, ""beta2"": -5.086085, ""beta3"": 8.44467, ""tau1"": 4.200696, ""tau2"": 10.394432}"
2024-06-25,0.609299,2.975136,-5.093716,8.40628,4.254917,10.655646,"{""date"": ""2024-06-25"", ""period"": ""25 Jun 2024"", ""beta0"": 0.609299, ""beta1"": 2.975136, ""beta2"": -5.093716, ""beta3"": 8.40628, ""tau1"": 4.254917, ""tau2"": 10.655646}"
2024-06-26,0.605721,2.960547,-4.866482,8.36575,4.19041,10.57586,"{""date"": ""2024-06-26"", ""period"": ""26 Jun 2024"", ""beta0"": 0.605721, ""beta1"": 2.960547, ""beta2"": -4.866482, ""beta3"": 8.36575, ""tau1"": 4.19041, ""tau2"": 10.57586}"
2024-06-27,0.573692,2.978141,-5.140208,8.684506,4.331755,10.517299,"{""date"": ""2024-06-27"", ""period"": ""27 Jun 2024"", ""beta0"": 0.573692, ""beta1"": 2.978141, ""beta2"": -5.140208, ""beta3"": 8.684506, ""tau1"": 4.331755, ""tau2"": 10.517299}"
2024-06-28,0.560139,2.97929,-5.500183,9.058723,4.383884,10.230933,"{""date"": ""2024-06-28"", ""period"": ""28 Jun 2024"", ""beta0"": 0.560139, ""beta1"": 2.97929, ""beta2"": -5.500183, ""beta3"": 9.058723, ""tau1"": 4.383884, ""tau2"": 10.230933}"
2024-07-01,0.569957,2.981707,-5.260036,9.230261,4.395703,10.167986,"{""date"": ""2024-07-01"", ""period"": ""01 Jul 2024"", ""beta0"": 0.569957, ""beta1"": 2.981707, ""beta2"": -5.260036, ""beta3"": 9.230261, ""tau1"": 4.395703, ""tau2"": 10.167986}"
2024-07-02,0.579348,2.98455,-5.467792,9.379292,4.518781,10.315633,"{""date"": ""2024-07-02"", ""period"": ""02 Jul 2024"", ""beta0"": 0.579348, ""beta1"": 2.98455, ""beta2"": -5.467792, ""beta3"": 9.379292, ""tau1"": 4.518781, ""tau2"": 10.315633}"
2024-07-03,0.58919,3.00471,-5.481827,9.333383,4.498095,10.283988,"{""date"": ""2024-07-03"", ""period"": ""03 Jul 2024"", ""beta0"": 0.58919, ""beta1"": 3.00471, ""beta2"": -5.481827, ""beta3"": 9.333383, ""tau1"": 4.498095, ""tau2"": 10.283988}"
2024-07-04,0.561311,3.005557,-5.323517,9.250589,4.506517,10.309826,"{""date"": ""2024-07-04"", ""period"": ""04 Jul 2024"", ""beta0"": 0.561311, ""beta1"": 3.005557, ""beta2"": -5.323517, ""beta3"": 9.250589, ""tau1"": 4.506517, ""tau2"": 10.309826}"
2024-07-05,0.500621,3.050958,-5.77944,9.730112,4.628326,10.206906,"{""date"": ""2024-07-05"", ""period"": ""05 Jul 2024"", ""beta0"": 0.500621, ""beta1"": 3.050958, ""beta2"": -5.77944, ""beta3"": 9.730112, ""tau1"": 4.628326, ""tau2"": 10.206906}"
2024-07-08,0.490915,3.051577,-5.636052,9.523312,4.492963,10.096187,"{""date"": ""2024-07-08"", ""period"": ""08 Jul 2024"", ""beta0"": 0.490915, ""beta1"": 3.051577, ""beta2"": -5.636052, ""beta3"": 9.523312, ""tau1"": 4.492963, ""tau2"": 10.096187}"
2024-07-09,0.480575,3.073881,-5.464669,9.452736,4.448105,10.103281,"{""date"": ""2024-07-09"", ""period"": ""09 Jul 2024"", ""beta0"": 0.480575, ""beta1"": 3.073881, ""beta2"": -5.464669, ""beta3"": 9.452736, ""tau1"": 4.448105, ""tau2"": 10.103281}"
2024-07-10,0.488309,3.088072,-5.840672,9.620127,4.535177,10.065163,"{""date"": ""2024-07-10"", ""period"": ""10 Jul 2024"", ""beta0"": 0.488309, ""beta1"": 3.088072, ""beta2"": -5.840672, ""beta3"": 9.620127, ""tau1"": 4.535177, ""tau2"": 10.065163}"
2024-07-11,0.467468,3.078093,-5.876954,9.588228,4.447996,10.100845,"{""date"": ""2024-07-11"", ""period"": ""11 Jul 2024"", ""beta0"": 0.467468, ""beta1"": 3.078093, ""beta2"": -5.876954, ""beta3"": 9.588228, ""tau1"": 4.447996, ""tau2"": 10.100845}"
2024-07-12,0.499309,3.086329,-6.206339,9.806789,4.544713,10.004072,"{""date"": ""2024-07-12"", ""period"": ""12 Jul 2024"", ""beta0"": 0.499309, ""beta1"": 3.086329, ""beta2"": -6.206339, ""beta3"": 9.806789, ""tau1"": 4.544713, ""tau2"": 10.004072}"
2024-07-15,0.472571,3.05132,-5.817103,9.597904,4.36757,9.984317,"{""date"": ""2024-07-15"", ""period"": ""15 Jul 2024"", ""beta0"": 0.472571, ""beta1"": 3.05132, ""beta2"": -5.817103, ""beta3"": 9.597904, ""tau1"": 4.36757, ""tau2"": 9.984317}"
2024-07-16,0.477044,3.065059,-5.759278,9.348962,4.315244,10.023945,"{""date"": ""2024-07-16"", ""period"": ""16 Jul 2024"", ""beta0"": 0.477044, ""beta1"": 3.065059, ""beta2"": -5.759278, ""beta3"": 9.348962, ""tau1"": 4.315244, ""tau2"": 10.023945}"
2024-07-17,0.484569,3.074727,-5.573776,9.130006,4.216136,10.005897,"{""date"": ""2024-07-17"", ""period"": ""17 Jul 2024"", ""beta0"": 0.484569, ""beta1"": 3.074727, ""beta2"": -5.573776, ""beta3"": 9.130006, ""tau1"": 4.216136, ""tau2"": 10.005897}"
2024-07-18,0.491483,3.067585,-5.688308,9.15434,4.22175,10.03468,"{""date"": ""2024-07-18"", ""period"": ""18 Jul 2024"", ""beta0"": 0.491483, ""beta1"": 3.067585, ""beta2"": -5.688308, ""beta3"": 9.15434, ""tau1"": 4.22175, ""tau2"": 10.03468}"
2024-07-19,0.490797,3.059377,-5.788892,9.484121,4.292052,10.062151,"{""date"": ""2024-07-19"", ""period"": ""19 Jul 2024"", ""beta0"": 0.490797, ""beta1"": 3.059377, ""beta2"": -5.788892, ""beta3"": 9.484121, ""tau1"": 4.292052, ""tau2"": 10.062151}"
2024-07-22,0.47398,3.069388,-5.367919,9.17605,4.145328,10.017595,"{""date"": ""2024-07-22"", ""period"": ""22 Jul 2024"", ""beta0"": 0.47398, ""beta1"": 3.069388, ""beta2"": -5.367919, ""beta3"": 9.17605, ""tau1"": 4.145328, ""tau2"": 10.017595}"
2024-07-23,0.475845,3.098399,-5.685445,9.329032,4.149815,9.967995,"{""date"": ""2024-07-23"", ""period"": ""23 Jul 2024"", ""beta0"": 0.475845, ""beta1"": 3.098399, ""beta2"": -5.685445, ""beta3"": 9.329032, ""tau1"": 4.149815, ""tau2"": 9.967995}"
2024-07-24,0.46999,3.09253,-5.888817,9.550947,4.118308,9.914917,"{""date"": ""2024-07-24"", ""period"": ""24 Jul 2024"", ""beta0"": 0.46999, ""beta1"": 3.09253, ""beta2"": -5.888817, ""beta3"": 9.550947, ""tau1"": 4.118308, ""tau2"": 9.914917}"
2024-07-25,0.442081,3.126605,-6.148546,9.752115,4.167265,9.980391,"{""date"": ""2024-07-25"", ""period"": ""25 Jul 2024"", ""beta0"": 0.442081, ""beta1"": 3.126605, ""beta2"": -6.148546, ""beta3"": 9.752115, ""tau1"": 4.167265, ""tau2"": 9.980391}"
2024-07-26,0.409489,3.121733,-5.820309,9.544025,4.146935,10.102761,"{""date"": ""2024-07-26"", ""period"": ""26 Jul 2024"", ""beta0"": 0.409489, ""beta1"": 3.121733, ""beta2"": -5.820309, ""beta3"": 9.544025, ""tau1"": 4.146935, ""tau2"": 10.102761}"
2024-07-29,0.393585,3.08143,-5.425898,9.145256,4.147898,10.234548,"{""date"": ""2024-07-29"", ""period"": ""29 Jul 2024"", ""beta0"": 0.393585, ""beta1"": 3.08143, ""beta2"": -5.425898, ""beta3"": 9.145256, ""tau1"": 4.147898, ""tau2"": 10.234548}"
2024-07-30,0.392059,3.062746,-5.697208,9.340138,4.098241,10.171408,"{""date"": ""2024-07-30"", ""period"": ""30 Jul 2024"", ""beta0"": 0.392059, ""beta1"": 3.062746, ""beta2"": -5.697208, ""beta3"": 9.340138, ""tau1"": 4.098241, ""tau2"": 10.171408}"
2024-07-31,0.391558,3.045137,-5.791535,9.330355,4.076647,10.030456,"{""date"": ""2024-07-31"", ""period"": ""31 Jul 2024"", ""beta0"": 0.391558, ""beta1"": 3.045137, ""beta2"": -5.791535, ""beta3"": 9.330355, ""tau1"": 4.076647, ""tau2"": 10.030456}"
2024-08-01,0.393062,3.06427,-6.085638,9.39897,4.080465,9.932895,"{""date"": ""2024-08-01"", ""period"": ""01 Aug 2024"", ""beta0"": 0.393062, ""beta1"": 3.06427, ""beta2"": -6.085638, ""beta3"": 9.39897, ""tau1"": 4.080465, ""tau2"": 9.932895}"
2024-08-02,0.339006,3.038029,-6.024223,9.302687,4.045639,10.028315,"{""date"": ""2024-08-02"", ""period"": ""02 Aug 2024"", ""beta0"": 0.339006, ""beta1"": 3.038029, ""beta2"": -6.024223, ""beta3"": 9.302687, ""tau1"": 4.045639, ""tau2"": 10.028315}"
2024-08-05,0.376171,3.074022,-2.35275,6.756314,2.176627,11.518171,"{""date"": ""2024-08-05"", ""period"": ""05 Aug 2024"", ""beta0"": 0.376171, ""beta1"": 3.074022, ""beta2"": -2.35275, ""beta3"": 6.756314, ""tau1"": 2.176627, ""tau2"": 11.518171}"
2024-08-06,0.442005,3.12545,-1.741139,6.384403,1.812473,11.936754,"{""date"": ""2024-08-06"", ""period"": ""06 Aug 2024"", ""beta0"": 0.442005, ""beta1"": 3.12545, ""beta2"": -1.741139, ""beta3"": 6.384403, ""tau1"": 1.812473, ""tau2"": 11.936754}"
2024-08-07,0.463988,3.101259,-1.767073,6.697981,1.932632,11.980254,"{""date"": ""2024-08-07"", ""period"": ""07 Aug 2024"", ""beta0"": 0.463988, ""beta1"": 3.101259, ""beta2"": -1.767073, ""beta3"": 6.697981, ""tau1"": 1.932632, ""tau2"": 11.980254}"
2024-08-08,0.44449,3.097082,-2.389588,6.958269,2.238626,11.457059,"{""date"": ""2024-08-08"", ""period"": ""08 Aug 2024"", ""beta0"": 0.44449, ""beta1"": 3.097082, ""beta2"": -2.389588, ""beta3"": 6.958269, ""tau1"": 2.238626, ""tau2"": 11.457059}"
2024-08-09,0.46497,3.0992,-2.229895,6.676997,2.104596,11.638788,"{""date"": ""2024-08-09"", ""period"": ""09 Aug 2024"", ""beta0"": 0.46497, ""beta1"": 3.0992, ""beta2"": -2.229895, ""beta3"": 6.676997, ""tau1"": 2.104596, ""tau2"": 11.638788}"
2024-08-12,0.470537,3.105528,-2.20764,6.67703,2.07516,11.614988,"{""date"": ""2024-08-12"", ""period"": ""12 Aug 2024"", ""beta0"": 0.470537, ""beta1"": 3.105528, ""beta2"": -2.20764, ""beta3"": 6.67703, ""tau1"": 2.07516, ""tau2"": 11.614988}"
2024-08-13,0.460979,3.102049,-2.252503,6.62545,2.064359,11.633183,"{""date"": ""2024-08-13"", ""period"": ""13 Aug 2024"", ""beta0"": 0.460979, ""beta1"": 3.102049, ""beta2"": -2.252503, ""beta3"": 6.62545, ""tau1"": 2.064359, ""tau2"": 11.633183}"
2024-08-14,0.466737,3.113175,-2.145142,6.520311,1.996259,11.658374,"{""date"": ""2024-08-14"", ""period"": ""14 Aug 2024"", ""beta0"": 0.466737, ""beta1"": 3.113175, ""beta2"": -2.145142, ""beta3"": 6.520311, ""tau1"": 1.996259, ""tau2"": 11.658374}"
2024-08-15,0.441737,3.106528,-2.005407,6.768428,2.103961,11.810181,"{""date"": ""2024-08-15"", ""period"": ""15 Aug 2024"", ""beta0"": 0.441737, ""beta1"": 3.106528, ""beta2"": -2.005407, ""beta3"": 6.768428, ""tau1"": 2.103961, ""tau2"": 11.810181}"
2024-08-16,0.442166,3.097529,-1.367846,6.551643,1.816693,12.367353,"{""date"": ""2024-08-16"", ""period"": ""16 Aug 2024"", ""beta0"": 0.442166, ""beta1"": 3.097529, ""beta2"": -1.367846, ""beta3"": 6.551643, ""tau1"": 1.816693, ""tau2"": 12.367353}"
2024-08-19,0.454371,3.094124,-1.362401,6.549995,1.789738,12.2348,"{""date"": ""2024-08-19"", ""period"": ""19 Aug 2024"", ""beta0"": 0.454371, ""beta1"": 3.094124, ""beta2"": -1.362401, ""beta3"": 6.549995, ""tau1"": 1.789738, ""tau2"": 12.2348}"
2024-08-20,0.464498,3.09097,-1.215055,6.440065,1.667513,12.382025,"{""date"": ""2024-08-20"", ""period"": ""20 Aug 2024"", ""beta0"": 0.464498, ""beta1"": 3.09097, ""beta2"": -1.215055, ""beta3"": 6.440065, ""tau1"": 1.667513, ""tau2"": 12.382025}"
2024-08-21,0.468789,3.099548,-0.670652,6.359427,1.367377,12.748647,"{""date"": ""2024-08-21"", ""period"": ""21 Aug 2024"", ""beta0"": 0.468789, ""beta1"": 3.099548, ""beta2"": -0.670652, ""beta3"": 6.359427, ""tau1"": 1.367377, ""tau2"": 12.748647}"
2024-08-22,0.436987,3.098598,0.369952,6.482922,1.009604,12.731677,"{""date"": ""2024-08-22"", ""period"": ""22 Aug 2024"", ""beta0"": 0.436987, ""beta1"": 3.098598, ""beta2"": 0.369952, ""beta3"": 6.482922, ""tau1"": 1.009604, ""tau2"": 12.731677}"
2024-08-23,0.431795,3.076175,-1.54763,6.661217,1.821483,11.779189,"{""date"": ""2024-08-23"", ""period"": ""23 Aug 2024"", ""beta0"": 0.431795, ""beta1"": 3.076175, ""beta2"": -1.54763, ""beta3"": 6.661217, ""tau1"": 1.821483, ""tau2"": 11.779189}"
2024-08-26,0.457703,3.069312,-1.453679,6.595957,1.725238,11.808496,"{""date"": ""2024-08-26"", ""period"": ""26 Aug 2024"", ""beta0"": 0.457703, ""beta1"": 3.069312, ""beta2"": -1.453679, ""beta3"": 6.595957, ""tau1"": 1.725238, ""tau2"": 11.808496}"
2024-08-27,0.472017,3.045771,-1.654323,6.74034,1.840138,11.706948,"{""date"": ""2024-08-27"", ""period"": ""27 Aug 2024"", ""beta0"": 0.472017, ""beta1"": 3.045771, ""beta2"": -1.654323, ""beta3"": 6.74034, ""tau1"": 1.840138, ""tau2"": 11.706948}"
2024-08-28,0.466606,3.049712,-1.10185,6.551303,1.554524,12.032211,"{""date"": ""2024-08-28"", ""period"": ""28 Aug 2024"", ""beta0"": 0.466606, ""beta1"": 3.049712, ""beta2"": -1.10185, ""beta3"": 6.551303, ""tau1"": 1.554524, ""tau2"": 12.032211}"
2024-08-29,0.485089,3.045968,-0.742521,6.547565,1.317773,12.095838,"{""date"": ""2024-08-29"", ""period"": ""29 Aug 2024"", ""beta0"": 0.485089, ""beta1"": 3.045968, ""beta2"": -0.742521, ""beta3"": 6.547565, ""tau1"": 1.317773, ""tau2"": 12.095838}"
2024-08-30,0.482439,3.014747,-1.331195,6.594669,1.655585,11.742546,"{""date"": ""2024-08-30"", ""period"": ""30 Aug 2024"", ""beta0"": 0.482439, ""beta1"": 3.014747, ""beta2"": -1.331195, ""beta3"": 6.594669, ""tau1"": 1.655585, ""tau2"": 11.742546}"
2024-09-02,0.490922,3.004934,-1.227178,6.768915,1.651186,11.834563,"{""date"": ""2024-09-02"", ""period"": ""02 Sep 2024"", ""beta0"": 0.490922, ""beta1"": 3.004934, ""beta2"": -1.227178, ""beta3"": 6.768915, ""tau1"": 1.651186, ""tau2"": 11.834563}"
2024-09-03,0.488851,3.039554,-1.315323,6.510331,1.673497,11.93707,"{""date"": ""2024-09-03"", ""period"": ""03 Sep 2024"", ""beta0"": 0.488851, ""beta1"": 3.039554, ""beta2"": -1.315323, ""beta3"": 6.510331, ""tau1"": 1.673497, ""tau2"": 11.93707}"
2024-09-04,0.50377,3.05155,-1.578007,6.467092,1.710328,12.217401,"{""date"": ""2024-09-04"", ""period"": ""04 Sep 2024"", ""beta0"": 0.50377, ""beta1"": 3.05155, ""beta2"": -1.578007, ""beta3"": 6.467092, ""tau1"": 1.710328, ""tau2"": 12.217401}"
2024-09-05,0.586202,3.019205,-0.856988,6.084176,1.233576,12.535397,"{""date"": ""2024-09-05"", ""period"": ""05 Sep 2024"", ""beta0"": 0.586202, ""beta1"": 3.019205, ""beta2"": -0.856988, ""beta3"": 6.084176, ""tau1"": 1.233576, ""tau2"": 12.535397}"
2024-09-06,0.537463,2.992188,-1.886369,6.360704,1.73989,11.606886,"{""date"": ""2024-09-06"", ""period"": ""06 Sep 2024"", ""beta0"": 0.537463, ""beta1"": 2.992188, ""beta2"": -1.886369, ""beta3"": 6.360704, ""tau1"": 1.73989, ""tau2"": 11.606886}"
2024-09-09,0.546313,3.055065,-1.433463,6.293187,1.420092,12.267142,"{""date"": ""2024-09-09"", ""period"": ""09 Sep 2024"", ""beta0"": 0.546313, ""beta1"": 3.055065, ""beta2"": -1.433463, ""beta3"": 6.293187, ""tau1"": 1.420092, ""tau2"": 12.267142}"
2024-09-10,0.54718,3.075274,-1.213533,6.264572,1.310136,12.590196,"{""date"": ""2024-09-10"", ""period"": ""10 Sep 2024"", ""beta0"": 0.54718, ""beta1"": 3.075274, ""beta2"": -1.213533, ""beta3"": 6.264572, ""tau1"": 1.310136, ""tau2"": 12.590196}"
2024-09-11,0.549512,3.170168,-1.140156,6.052397,1.149925,12.775975,"{""date"": ""2024-09-11"", ""period"": ""11 Sep 2024"", ""beta0"": 0.549512, ""beta1"": 3.170168, ""beta2"": -1.140156, ""beta3"": 6.052397, ""tau1"": 1.149925, ""tau2"": 12.775975}"
2024-09-12,0.492176,3.157824,-1.137624,6.286797,1.246645,12.620281,"{""date"": ""2024-09-12"", ""period"": ""12 Sep 2024"", ""beta0"": 0.492176, ""beta1"": 3.157824, ""beta2"": -1.137624, ""beta3"": 6.286797, ""tau1"": 1.246645, ""tau2"": 12.620281}"
2024-09-13,0.544237,3.160721,-0.183414,6.193123,0.871925,12.902796,"{""date"": ""2024-09-13"", ""period"": ""13 Sep 2024"", ""beta0"": 0.544237, ""beta1"": 3.160721, ""beta2"": -0.183414, ""beta3"": 6.193123, ""tau1"": 0.871925, ""tau2"": 12.902796}"
2024-09-16,0.491337,3.164277,-0.392197,6.304067,0.994402,12.928239,"{""date"": ""2024-09-16"", ""period"": ""16 Sep 2024"", ""beta0"": 0.491337, ""beta1"": 3.164277, ""beta2"": -0.392197, ""beta3"": 6.304067, ""tau1"": 0.994402, ""tau2"": 12.928239}"
2024-09-17,0.663215,3.013183,-0.048735,5.715156,0.803465,12.843304,"{""date"": ""2024-09-17"", ""period"": ""17 Sep 2024"", ""beta0"": 0.663215, ""beta1"": 3.013183, ""beta2"": -0.048735, ""beta3"": 5.715156, ""tau1"": 0.803465, ""tau2"": 12.843304}"
2024-09-18,0.642234,2.989587,-0.015505,5.958223,0.849563,12.858122,"{""date"": ""2024-09-18"", ""period"": ""18 Sep 2024"", ""beta0"": 0.642234, ""beta1"": 2.989587, ""beta2"": -0.015505, ""beta3"": 5.958223, ""tau1"": 0.849563, ""tau2"": 12.858122}"
2024-09-19,0.598034,2.994437,-0.030988,6.211299,0.872663,13.11673,"{""date"": ""2024-09-19"", ""period"": ""19 Sep 2024"", ""beta0"": 0.598034, ""beta1"": 2.994437, ""beta2"": -0.030988, ""beta3"": 6.211299, ""tau1"": 0.872663, ""tau2"": 13.11673}"
2024-09-20,0.592296,2.997956,-0.745872,6.298592,1.121179,12.856574,"{""date"": ""2024-09-20"", ""period"": ""20 Sep 2024"", ""beta0"": 0.592296, ""beta1"": 2.997956, ""beta2"": -0.745872, ""beta3"": 6.298592, ""tau1"": 1.121179, ""tau2"": 12.856574}"
2024-09-23,0.605426,2.983687,-0.860458,6.291281,1.094178,13.151453,"{""date"": ""2024-09-23"", ""period"": ""23 Sep 2024"", ""beta0"": 0.605426, ""beta1"": 2.983687, ""beta2"": -0.860458, ""beta3"": 6.291281, ""tau1"": 1.094178, ""tau2"": 13.151453}"
2024-09-24,0.590843,2.983054,-1.29675,6.379268,1.191099,12.951834,"{""date"": ""2024-09-24"", ""period"": ""24 Sep 2024"", ""beta0"": 0.590843, ""beta1"": 2.983054, ""beta2"": -1.29675, ""beta3"": 6.379268, ""tau1"": 1.191099, ""tau2"": 12.951834}"
2024-09-25,0.586664,2.980605,-0.650818,6.331056,0.975387,13.093653,"{""date"": ""2024-09-25"", ""period"": ""25 Sep 2024"", ""beta0"": 0.586664, ""beta1"": 2.980605, ""beta2"": -0.650818, ""beta3"": 6.331056, ""tau1"": 0.975387, ""tau2"": 13.093653}"
2024-09-26,0.594642,2.95805,-0.776326,6.212298,0.966164,13.118824,"{""date"": ""2024-09-26"", ""period"": ""26 Sep 2024"", ""beta0"": 0.594642, ""beta1"": 2.95805, ""beta2"": -0.776326, ""beta3"": 6.212298, ""tau1"": 0.966164, ""tau2"": 13.118824}"
2024-09-27,0.619358,2.961733,-0.541049,6.076197,0.833768,12.867828,"{""date"": ""2024-09-27"", ""period"": ""27 Sep 2024"", ""beta0"": 0.619358, ""beta1"": 2.961733, ""beta2"": -0.541049, ""beta3"": 6.076197, ""tau1"": 0.833768, ""tau2"": 12.867828}"
2024-09-30,0.565956,2.903424,-0.731061,6.213168,0.999355,13.029577,"{""date"": ""2024-09-30"", ""period"": ""30 Sep 2024"", ""beta0"": 0.565956, ""beta1"": 2.903424, ""beta2"": -0.731061, ""beta3"": 6.213168, ""tau1"": 0.999355, ""tau2"": 13.029577}"
2024-10-01,0.545046,2.889661,1.23682,5.99939,0.500029,13.222843,"{""date"": ""2024-10-01"", ""period"": ""01 Oct 2024"", ""beta0"": 0.545046, ""beta1"": 2.889661, ""beta2"": 1.23682, ""beta3"": 5.99939, ""tau1"": 0.500029, ""tau2"": 13.222843}"
2024-10-02,0.553556,2.917509,-0.784681,6.255477,0.980503,12.969661,"{""date"": ""2024-10-02"", ""period"": ""02 Oct 2024"", ""beta0"": 0.553556, ""beta1"": 2.917509, ""beta2"": -0.784681, ""beta3"": 6.255477, ""tau1"": 0.980503, ""tau2"": 12.969661}"
2024-10-03,0.570707,2.951211,0.40085,6.301503,0.631413,12.490281,"{""date"": ""2024-10-03"", ""period"": ""03 Oct 2024"", ""beta0"": 0.570707, ""beta1"": 2.951211, ""beta2"": 0.40085, ""beta3"": 6.301503, ""tau1"": 0.631413, ""tau2"": 12.490281}"
2024-10-04,0.562143,2.853867,-0.084846,6.367669,0.859654,12.512877,"{""date"": ""2024-10-04"", ""period"": ""04 Oct 2024"", ""beta0"": 0.562143, ""beta1"": 2.853867, ""beta2"": -0.084846, ""beta3"": 6.367669, ""tau1"": 0.859654, ""tau2"": 12.512877}"
2024-10-07,0.594579,2.723796,-0.069097,6.381672,0.936082,12.504573,"{""date"": ""2024-10-07"", ""period"": ""07 Oct 2024"", ""beta0"": 0.594579, ""beta1"": 2.723796, ""beta2"": -0.069097, ""beta3"": 6.381672, ""tau1"": 0.936082, ""tau2"": 12.504573}"
2024-10-08,0.589636,2.724915,-0.065369,6.442075,0.96091,12.601667,"{""date"": ""2024-10-08"", ""period"": ""08 Oct 2024"", ""beta0"": 0.589636, ""beta1"": 2.724915, ""beta2"": -0.065369, ""beta3"": 6.442075, ""tau1"": 0.96091, ""tau2"": 12.601667}"
2024-10-09,0.595115,2.709868,-0.420896,6.368401,1.10249,12.538848,"{""date"": ""2024-10-09"", ""period"": ""09 Oct 2024"", ""beta0"": 0.595115, ""beta1"": 2.709868, ""beta2"": -0.420896, ""beta3"": 6.368401, ""tau1"": 1.10249, ""tau2"": 12.538848}"
2024-10-10,0.585979,2.708887,-0.057109,6.446596,0.984521,12.592112,"{""date"": ""2024-10-10"", ""period"": ""10 Oct 2024"", ""beta0"": 0.585979, ""beta1"": 2.708887, ""beta2"": -0.057109, ""beta3"": 6.446596, ""tau1"": 0.984521, ""tau2"": 12.592112}"
2024-10-11,0.610873,2.679707,-0.292491,6.449003,1.055554,12.42106,"{""date"": ""2024-10-11"", ""period"": ""11 Oct 2024"", ""beta0"": 0.610873, ""beta1"": 2.679707, ""beta2"": -0.292491, ""beta3"": 6.449003, ""tau1"": 1.055554, ""tau2"": 12.42106}"
2024-10-14,0.682164,2.594064,-0.698418,6.222291,1.178753,12.253693,"{""date"": ""2024-10-14"", ""period"": ""14 Oct 2024"", ""beta0"": 0.682164, ""beta1"": 2.594064, ""beta2"": -0.698418, ""beta3"": 6.222291, ""tau1"": 1.178753, ""tau2"": 12.253693}"
2024-10-15,0.7067,2.642135,0.146489,5.969397,0.81126,12.859065,"{""date"": ""2024-10-15"", ""period"": ""15 Oct 2024"", ""beta0"": 0.7067, ""beta1"": 2.642135, ""beta2"": 0.146489, ""beta3"": 5.969397, ""tau1"": 0.81126, ""tau2"": 12.859065}"
2024-10-16,0.703972,2.645107,-0.570198,5.811828,1.026416,12.809139,"{""date"": ""2024-10-16"", ""period"": ""16 Oct 2024"", ""beta0"": 0.703972, ""beta1"": 2.645107, ""beta2"": -0.570198, ""beta3"": 5.811828, ""tau1"": 1.026416, ""tau2"": 12.809139}"
2024-10-17,0.698615,2.630022,-0.591433,5.975226,1.030526,12.8982,"{""date"": ""2024-10-17"", ""period"": ""17 Oct 2024"", ""beta0"": 0.698615, ""beta1"": 2.630022, ""beta2"": -0.591433, ""beta3"": 5.975226, ""tau1"": 1.030526, ""tau2"": 12.8982}"
2024-10-18,0.704133,2.638079,-0.517003,5.937307,0.90693,12.879118,"{""date"": ""2024-10-18"", ""period"": ""18 Oct 2024"", ""beta0"": 0.704133, ""beta1"": 2.638079, ""beta2"": -0.517003, ""beta3"": 5.937307, ""tau1"": 0.90693, ""tau2"": 12.879118}"
2024-10-21,0.661832,2.569557,0.041071,6.318013,0.871481,12.807125,"{""date"": ""2024-10-21"", ""period"": ""21 Oct 2024"", ""beta0"": 0.661832, ""beta1"": 2.569557, ""beta2"": 0.041071, ""beta3"": 6.318013, ""tau1"": 0.871481, ""tau2"": 12.807125}"
2024-10-22,0.59349,2.551581,0.069763,6.61251,0.927987,12.775925,"{""date"": ""2024-10-22"", ""period"": ""22 Oct 2024"", ""beta0"": 0.59349, ""beta1"": 2.551581, ""beta2"": 0.069763, ""beta3"": 6.61251, ""tau1"": 0.927987, ""tau2"": 12.775925}"
2024-10-23,0.682132,2.494677,-0.002102,6.496649,0.817573,12.578891,"{""date"": ""2024-10-23"", ""period"": ""23 Oct 2024"", ""beta0"": 0.682132, ""beta1"": 2.494677, ""beta2"": -0.002102, ""beta3"": 6.496649, ""tau1"": 0.817573, ""tau2"": 12.578891}"
2024-10-24,0.691035,2.485643,-0.106063,6.260207,0.854561,12.8194,"{""date"": ""2024-10-24"", ""period"": ""24 Oct 2024"", ""beta0"": 0.691035, ""beta1"": 2.485643, ""beta2"": -0.106063, ""beta3"": 6.260207, ""tau1"": 0.854561, ""tau2"": 12.8194}"
2024-10-25,0.737906,2.440579,-0.00551,6.112524,0.820322,12.521402,"{""date"": ""2024-10-25"", ""period"": ""25 Oct 2024"", ""beta0"": 0.737906, ""beta1"": 2.440579, ""beta2"": -0.00551, ""beta3"": 6.112524, ""tau1"": 0.820322, ""tau2"": 12.521402}"
2024-10-28,0.803501,2.380805,-0.205351,5.879662,0.808359,12.563653,"{""date"": ""2024-10-28"", ""period"": ""28 Oct 2024"", ""beta0"": 0.803501, ""beta1"": 2.380805, ""beta2"": -0.205351, ""beta3"": 5.879662, ""tau1"": 0.808359, ""tau2"": 12.563653}"
2024-10-29,0.852075,2.253565,0.03575,5.855255,0.771645,12.411686,"{""date"": ""2024-10-29"", ""period"": ""29 Oct 2024"", ""beta0"": 0.852075, ""beta1"": 2.253565, ""beta2"": 0.03575, ""beta3"": 5.855255, ""tau1"": 0.771645, ""tau2"": 12.411686}"
2024-10-30,1.006032,2.082925,-0.019164,5.36445,0.802142,12.140713,"{""date"": ""2024-10-30"", ""period"": ""30 Oct 2024"", ""beta0"": 1.006032, ""beta1"": 2.082925, ""beta2"": -0.019164, ""beta3"": 5.36445, ""tau1"": 0.802142, ""tau2"": 12.140713}"
2024-10-31,1.01165,2.088227,-0.024718,5.349761,0.88397,11.583158,"{""date"": ""2024-10-31"", ""period"": ""31 Oct 2024"", ""beta0"": 1.01165, ""beta1"": 2.088227, ""beta2"": -0.024718, ""beta3"": 5.349761, ""tau1"": 0.88397, ""tau2"": 11.583158}"
2024-11-01,0.975336,2.079674,-0.063567,5.460997,0.893017,11.958071,"{""date"": ""2024-11-01"", ""period"": ""01 Nov 2024"", ""beta0"": 0.975336, ""beta1"": 2.079674, ""beta2"": -0.063567, ""beta3"": 5.460997, ""tau1"": 0.893017, ""tau2"": 11.958071}"
2024-11-04,1.010544,2.054361,-0.353968,5.237459,1.042319,11.577213,"{""date"": ""2024-11-04"", ""period"": ""04 Nov 2024"", ""beta0"": 1.010544, ""beta1"": 2.054361, ""beta2"": -0.353968, ""beta3"": 5.237459, ""tau1"": 1.042319, ""tau2"": 11.577213}"
2024-11-05,1.022854,2.07546,-0.365465,5.245826,1.017509,11.575685,"{""date"": ""2024-11-05"", ""period"": ""05 Nov 2024"", ""beta0"": 1.022854, ""beta1"": 2.07546, ""beta2"": -0.365465, ""beta3"": 5.245826, ""tau1"": 1.017509, ""tau2"": 11.575685}"
2024-11-06,1.017736,2.032726,-0.611351,5.468558,1.04379,11.787566,"{""date"": ""2024-11-06"", ""period"": ""06 Nov 2024"", ""beta0"": 1.017736, ""beta1"": 2.032726, ""beta2"": -0.611351, ""beta3"": 5.468558, ""tau1"": 1.04379, ""tau2"": 11.787566}"
2024-11-07,1.03003,2.052548,-0.630066,5.484656,1.020506,11.793951,"{""date"": ""2024-11-07"", ""period"": ""07 Nov 2024"", ""beta0"": 1.03003, ""beta1"": 2.052548, ""beta2"": -0.630066, ""beta3"": 5.484656, ""tau1"": 1.020506, ""tau2"": 11.793951}"
2024-11-08,1.021519,2.066635,-0.566483,5.283125,1.003601,11.818364,"{""date"": ""2024-11-08"", ""period"": ""08 Nov 2024"", ""beta0"": 1.021519, ""beta1"": 2.066635, ""beta2"": -0.566483, ""beta3"": 5.283125, ""tau1"": 1.003601, ""tau2"": 11.818364}"
2024-11-11,1.044448,2.143745,-0.926988,5.131055,1.010526,11.544179,"{""date"": ""2024-11-11"", ""period"": ""11 Nov 2024"", ""beta0"": 1.044448, ""beta1"": 2.143745, ""beta2"": -0.926988, ""beta3"": 5.131055, ""tau1"": 1.010526, ""tau2"": 11.544179}"
2024-11-12,1.054581,2.158208,-1.103133,4.959863,1.007465,10.848754,"{""date"": ""2024-11-12"", ""period"": ""12 Nov 2024"", ""beta0"": 1.054581, ""beta1"": 2.158208, ""beta2"": -1.103133, ""beta3"": 4.959863, ""tau1"": 1.007465, ""tau2"": 10.848754}"
2024-11-13,1.051183,2.173858,-0.931783,5.068855,0.942212,10.638368,"{""date"": ""2024-11-13"", ""period"": ""13 Nov 2024"", ""beta0"": 1.051183, ""beta1"": 2.173858, ""beta2"": -0.931783, ""beta3"": 5.068855, ""tau1"": 0.942212, ""tau2"": 10.638368}"
2024-11-14,1.045955,2.16839,-0.653088,5.074958,0.808038,11.177595,"{""date"": ""2024-11-14"", ""period"": ""14 Nov 2024"", ""beta0"": 1.045955, ""beta1"": 2.16839, ""beta2"": -0.653088, ""beta3"": 5.074958, ""tau1"": 0.808038, ""tau2"": 11.177595}"
2024-11-15,1.056619,2.146852,-0.128682,5.092856,0.655038,11.474123,"{""date"": ""2024-11-15"", ""period"": ""15 Nov 2024"", ""beta0"": 1.056619, ""beta1"": 2.146852, ""beta2"": -0.128682, ""beta3"": 5.092856, ""tau1"": 0.655038, ""tau2"": 11.474123}"
2024-11-18,1.04965,2.123557,-0.01869,5.132058,0.695185,11.476847,"{""date"": ""2024-11-18"", ""period"": ""18 Nov 2024"", ""beta0"": 1.04965, ""beta1"": 2.123557, ""beta2"": -0.01869, ""beta3"": 5.132058, ""tau1"": 0.695185, ""tau2"": 11.476847}"
2024-11-19,1.014523,2.094096,-0.581459,5.122311,0.928153,11.476134,"{""date"": ""2024-11-19"", ""period"": ""19 Nov 2024"", ""beta0"": 1.014523, ""beta1"": 2.094096, ""beta2"": -0.581459, ""beta3"": 5.122311, ""tau1"": 0.928153, ""tau2"": 11.476134}"
2024-11-20,1.016828,2.106177,-0.47765,5.146055,0.864724,11.323973,"{""date"": ""2024-11-20"", ""period"": ""20 Nov 2024"", ""beta0"": 1.016828, ""beta1"": 2.106177, ""beta2"": -0.47765, ""beta3"": 5.146055, ""tau1"": 0.864724, ""tau2"": 11.323973}"
2024-11-21,1.016704,2.093253,-0.801688,5.050552,0.981091,11.531441,"{""date"": ""2024-11-21"", ""period"": ""21 Nov 2024"", ""beta0"": 1.016704, ""beta1"": 2.093253, ""beta2"": -0.801688, ""beta3"": 5.050552, ""tau1"": 0.981091, ""tau2"": 11.531441}"
2024-11-22,1.02198,2.087352,-0.229451,4.976789,0.667171,12.070521,"{""date"": ""2024-11-22"", ""period"": ""22 Nov 2024"", ""beta0"": 1.02198, ""beta1"": 2.087352, ""beta2"": -0.229451, ""beta3"": 4.976789, ""tau1"": 0.667171, ""tau2"": 12.070521}"
2024-11-25,1.006432,2.077278,-0.718678,4.743669,0.857828,11.542605,"{""date"": ""2024-11-25"", ""period"": ""25 Nov 2024"", ""beta0"": 1.006432, ""beta1"": 2.077278, ""beta2"": -0.718678, ""beta3"": 4.743669, ""tau1"": 0.857828, ""tau2"": 11.542605}"
2024-11-26,0.971238,2.048195,0.181788,4.805706,0.634515,11.705415,"{""date"": ""2024-11-26"", ""period"": ""26 Nov 2024"", ""beta0"": 0.971238, ""beta1"": 2.048195, ""beta2"": 0.181788, ""beta3"": 4.805706, ""tau1"": 0.634515, ""tau2"": 11.705415}"
2024-11-27,0.992447,2.041826,-0.781678,4.561009,0.982192,11.281037,"{""date"": ""2024-11-27"", ""period"": ""27 Nov 2024"", ""beta0"": 0.992447, ""beta1"": 2.041826, ""beta2"": -0.781678, ""beta3"": 4.561009, ""tau1"": 0.982192, ""tau2"": 11.281037}"
2024-11-28,0.966267,2.05511,-0.435292,4.58251,0.84513,11.910266,"{""date"": ""2024-11-28"", ""period"": ""28 Nov 2024"", ""beta0"": 0.966267, ""beta1"": 2.05511, ""beta2"": -0.435292, ""beta3"": 4.58251, ""tau1"": 0.84513, ""tau2"": 11.910266}"
2024-11-29,0.970187,2.057765,-0.795456,4.459076,0.915352,11.728889,"{""date"": ""2024-11-29"", ""period"": ""29 Nov 2024"", ""beta0"": 0.970187, ""beta1"": 2.057765, ""beta2"": -0.795456, ""beta3"": 4.459076, ""tau1"": 0.915352, ""tau2"": 11.728889}"
2024-12-02,0.976023,2.056465,-1.335923,4.388159,1.094074,11.701711,"{""date"": ""2024-12-02"", ""period"": ""02 Dec 2024"", ""beta0"": 0.976023, ""beta1"": 2.056465, ""beta2"": -1.335923, ""beta3"": 4.388159, ""tau1"": 1.094074, ""tau2"": 11.701711}"
2024-12-03,0.976255,2.041271,-0.66772,4.243144,0.8369,12.036948,"{""date"": ""2024-12-03"", ""period"": ""03 Dec 2024"", ""beta0"": 0.976255, ""beta1"": 2.041271, ""beta2"": -0.66772, ""beta3"": 4.243144, ""tau1"": 0.8369, ""tau2"": 12.036948}"
2024-12-04,0.986445,2.080034,-0.263581,4.324879,0.677532,12.078403,"{""date"": ""2024-12-04"", ""period"": ""04 Dec 2024"", ""beta0"": 0.986445, ""beta1"": 2.080034, ""beta2"": -0.263581, ""beta3"": 4.324879, ""tau1"": 0.677532, ""tau2"": 12.078403}"
2024-12-05,0.969089,2.037815,-0.327387,4.397217,0.80214,11.621995,"{""date"": ""2024-12-05"", ""period"": ""05 Dec 2024"", ""beta0"": 0.969089, ""beta1"": 2.037815, ""beta2"": -0.327387, ""beta3"": 4.397217, ""tau1"": 0.80214, ""tau2"": 11.621995}"
2024-12-06,0.95666,1.986522,-0.300114,4.392293,0.858529,12.201321,"{""date"": ""2024-12-06"", ""period"": ""06 Dec 2024"", ""beta0"": 0.95666, ""beta1"": 1.986522, ""beta2"": -0.300114, ""beta3"": 4.392293, ""tau1"": 0.858529, ""tau2"": 12.201321}"
2024-12-09,0.938676,1.959132,-0.709409,4.551009,1.057812,11.910701,"{""date"": ""2024-12-09"", ""period"": ""09 Dec 2024"", ""beta0"": 0.938676, ""beta1"": 1.959132, ""beta2"": -0.709409, ""beta3"": 4.551009, ""tau1"": 1.057812, ""tau2"": 11.910701}"
2024-12-10,0.877903,1.889613,-1.50176,4.924889,1.642269,10.969134,"{""date"": ""2024-12-10"", ""period"": ""10 Dec 2024"", ""beta0"": 0.877903, ""beta1"": 1.889613, ""beta2"": -1.50176, ""beta3"": 4.924889, ""tau1"": 1.642269, ""tau2"": 10.969134}"
2024-12-11,0.874879,1.907114,-1.367821,4.959694,1.467426,11.160983,"{""date"": ""2024-12-11"", ""period"": ""11 Dec 2024"", ""beta0"": 0.874879, ""beta1"": 1.907114, ""beta2"": -1.367821, ""beta3"": 4.959694, ""tau1"": 1.467426, ""tau2"": 11.160983}"
2024-12-12,0.850515,1.898943,-0.151137,5.13991,0.933345,12.160682,"{""date"": ""2024-12-12"", ""period"": ""12 Dec 2024"", ""beta0"": 0.850515, ""beta1"": 1.898943, ""beta2"": -0.151137, ""beta3"": 5.13991, ""tau1"": 0.933345, ""tau2"": 12.160682}"
2024-12-13,0.850182,1.887737,-1.17457,5.388968,1.525848,10.968792,"{""date"": ""2024-12-13"", ""period"": ""13 Dec 2024"", ""beta0"": 0.850182, ""beta1"": 1.887737, ""beta2"": -1.17457, ""beta3"": 5.388968, ""tau1"": 1.525848, ""tau2"": 10.968792}"
2024-12-16,0.808859,1.826973,-1.336848,5.595741,1.796185,10.835005,"{""date"": ""2024-12-16"", ""period"": ""16 Dec 2024"", ""beta0"": 0.808859, ""beta1"": 1.826973, ""beta2"": -1.336848, ""beta3"": 5.595741, ""tau1"": 1.796185, ""tau2"": 10.835005}"
2024-12-17,0.830314,1.831635,-0.851059,5.349815,1.416661,11.268359,"{""date"": ""2024-12-17"", ""period"": ""17 Dec 2024"", ""beta0"": 0.830314, ""beta1"": 1.831635, ""beta2"": -0.851059, ""beta3"": 5.349815, ""tau1"": 1.416661, ""tau2"": 11.268359}"
2024-12-18,0.887564,1.906671,-0.633122,5.239744,1.073557,11.294907,"{""date"": ""2024-12-18"", ""period"": ""18 Dec 2024"", ""beta0"": 0.887564, ""beta1"": 1.906671, ""beta2"": -0.633122, ""beta3"": 5.239744, ""tau1"": 1.073557, ""tau2"": 11.294907}"
2024-12-19,0.90756,1.912611,-0.334797,5.369207,0.917484,11.188184,"{""date"": ""2024-12-19"", ""period"": ""19 Dec 2024"", ""beta0"": 0.90756, ""beta1"": 1.912611, ""beta2"": -0.334797, ""beta3"": 5.369207, ""tau1"": 0.917484, ""tau2"": 11.188184}"
2024-12-20,0.931059,1.932768,-0.659368,5.267261,0.955714,11.291386,"{""date"": ""2024-12-20"", ""period"": ""20 Dec 2024"", ""beta0"": 0.931059, ""beta1"": 1.932768, ""beta2"": -0.659368, ""beta3"": 5.267261, ""tau1"": 0.955714, ""tau2"": 11.291386}"
2024-12-23,0.939506,1.933399,-0.488558,5.281395,0.91004,11.181443,"{""date"": ""2024-12-23"", ""period"": ""23 Dec 2024"", ""beta0"": 0.939506, ""beta1"": 1.933399, ""beta2"": -0.488558, ""beta3"": 5.281395, ""tau1"": 0.91004, ""tau2"": 11.181443}"
2024-12-24,0.945914,1.970897,-0.423723,5.26005,0.855021,11.157284,"{""date"": ""2024-12-24"", ""period"": ""24 Dec 2024"", ""beta0"": 0.945914, ""beta1"": 1.970897, ""beta2"": -0.423723, ""beta3"": 5.26005, ""tau1"": 0.855021, ""tau2"": 11.157284}"
2024-12-27,1.1111,1.83002,-0.200764,4.827852,0.650045,11.226826,"{""date"": ""2024-12-27"", ""period"": ""27 Dec 2024"", ""beta0"": 1.1111, ""beta1"": 1.83002, ""beta2"": -0.200764, ""beta3"": 4.827852, ""tau1"": 0.650045, ""tau2"": 11.226826}"
2024-12-30,1.051935,1.755666,-0.249433,5.089973,0.773441,11.263171,"{""date"": ""2024-12-30"", ""period"": ""30 Dec 2024"", ""beta0"": 1.051935, ""beta1"": 1.755666, ""beta2"": -0.249433, ""beta3"": 5.089973, ""tau1"": 0.773441, ""tau2"": 11.263171}"
2025-01-02,1.046526,1.794567,-0.473819,5.10081,0.869995,11.455704,"{""date"": ""2025-01-02"", ""period"": ""02 Jan 2025"", ""beta0"": 1.046526, ""beta1"": 1.794567, ""beta2"": -0.473819, ""beta3"": 5.10081, ""tau1"": 0.869995, ""tau2"": 11.455704}"
2025-01-03,0.958242,1.784326,-0.394172,5.494836,1.083791,11.261539,"{""date"": ""2025-01-03"", ""period"": ""03 Jan 2025"", ""beta0"": 0.958242, ""beta1"": 1.784326, ""beta2"": -0.394172, ""beta3"": 5.494836, ""tau1"": 1.083791, ""tau2"": 11.261539}"
2025-01-06,1.004247,1.787361,-0.373428,5.482907,1.121073,11.253559,"{""date"": ""2025-01-06"", ""period"": ""06 Jan 2025"", ""beta0"": 1.004247, ""beta1"": 1.787361, ""beta2"": -0.373428, ""beta3"": 5.482907, ""tau1"": 1.121073, ""tau2"": 11.253559}"
2025-01-07,1.049085,1.846286,-0.060322,5.403715,0.742177,11.098533,"{""date"": ""2025-01-07"", ""period"": ""07 Jan 2025"", ""beta0"": 1.049085, ""beta1"": 1.846286, ""beta2"": -0.060322, ""beta3"": 5.403715, ""tau1"": 0.742177, ""tau2"": 11.098533}"
2025-01-08,1.036488,1.841238,0.820159,5.694976,0.523964,11.286951,"{""date"": ""2025-01-08"", ""period"": ""08 Jan 2025"", ""beta0"": 1.036488, ""beta1"": 1.841238, ""beta2"": 0.820159, ""beta3"": 5.694976, ""tau1"": 0.523964, ""tau2"": 11.286951}"
2025-01-09,1.026899,1.845441,-0.502475,5.73612,1.063128,11.170768,"{""date"": ""2025-01-09"", ""period"": ""09 Jan 2025"", ""beta0"": 1.026899, ""beta1"": 1.845441, ""beta2"": -0.502475, ""beta3"": 5.73612, ""tau1"": 1.063128, ""tau2"": 11.170768}"
2025-01-10,1.060941,1.744187,0.063018,5.727966,0.884473,11.327052,"{""date"": ""2025-01-10"", ""period"": ""10 Jan 2025"", ""beta0"": 1.060941, ""beta1"": 1.744187, ""beta2"": 0.063018, ""beta3"": 5.727966, ""tau1"": 0.884473, ""tau2"": 11.327052}"
2025-01-13,1.104329,1.707141,0.033176,5.644366,0.895239,11.197798,"{""date"": ""2025-01-13"", ""period"": ""13 Jan 2025"", ""beta0"": 1.104329, ""beta1"": 1.707141, ""beta2"": 0.033176, ""beta3"": 5.644366, ""tau1"": 0.895239, ""tau2"": 11.197798}"
2025-01-14,1.215395,1.536467,-0.052923,5.43538,0.952205,11.329055,"{""date"": ""2025-01-14"", ""period"": ""14 Jan 2025"", ""beta0"": 1.215395, ""beta1"": 1.536467, ""beta2"": -0.052923, ""beta3"": 5.43538, ""tau1"": 0.952205, ""tau2"": 11.329055}"
2025-01-15,1.227169,1.515278,-0.73778,5.192421,1.334052,11.369336,"{""date"": ""2025-01-15"", ""period"": ""15 Jan 2025"", ""beta0"": 1.227169, ""beta1"": 1.515278, ""beta2"": -0.73778, ""beta3"": 5.192421, ""tau1"": 1.334052, ""tau2"": 11.369336}"
2025-01-16,1.226986,1.462305,-1.201835,5.391936,1.857865,10.856337,"{""date"": ""2025-01-16"", ""period"": ""16 Jan 2025"", ""beta0"": 1.226986, ""beta1"": 1.462305, ""beta2"": -1.201835, ""beta3"": 5.391936, ""tau1"": 1.857865, ""tau2"": 10.856337}"
2025-01-17,1.22553,1.477384,-1.493216,5.269419,1.987544,10.431433,"{""date"": ""2025-01-17"", ""period"": ""17 Jan 2025"", ""beta0"": 1.22553, ""beta1"": 1.477384, ""beta2"": -1.493216, ""beta3"": 5.269419, ""tau1"": 1.987544, ""tau2"": 10.431433}"
2025-01-20,1.230367,1.458879,-1.152416,5.190485,1.788467,11.125195,"{""date"": ""2025-01-20"", ""period"": ""20 Jan 2025"", ""beta0"": 1.230367, ""beta1"": 1.458879, ""beta2"": -1.152416, ""beta3"": 5.190485, ""tau1"": 1.788467, ""tau2"": 11.125195}"
2025-01-21,1.21681,1.473766,-0.975379,5.125851,1.547558,11.085117,"{""date"": ""2025-01-21"", ""period"": ""21 Jan 2025"", ""beta0"": 1.21681, ""beta1"": 1.473766, ""beta2"": -0.975379, ""beta3"": 5.125851, ""tau1"": 1.547558, ""tau2"": 11.085117}"
2025-01-22,1.21681,1.473766,-0.975379,5.125851,1.547558,11.085117,"{""date"": ""2025-01-22"", ""period"": ""22 Jan 2025"", ""beta0"": 1.21681, ""beta1"": 1.473766, ""beta2"": -0.975379, ""beta3"": 5.125851, ""tau1"": 1.547558, ""tau2"": 11.085117}"
2025-01-23,1.167693,1.441767,0.0075,5.289327,0.973527,11.631895,"{""date"": ""2025-01-23"", ""period"": ""23 Jan 2025"", ""beta0"": 1.167693, ""beta1"": 1.441767, ""beta2"": 0.0075, ""beta3"": 5.289327, ""tau1"": 0.973527, ""tau2"": 11.631895}"
2025-01-24,1.179407,1.437293,0.172613,5.315439,0.949377,11.547416,"{""date"": ""2025-01-24"", ""period"": ""24 Jan 2025"", ""beta0"": 1.179407, ""beta1"": 1.437293, ""beta2"": 0.172613, ""beta3"": 5.315439, ""tau1"": 0.949377, ""tau2"": 11.547416}"
2025-01-27,1.164691,1.439655,-0.623231,5.271927,1.526302,11.334106,"{""date"": ""2025-01-27"", ""period"": ""27 Jan 2025"", ""beta0"": 1.164691, ""beta1"": 1.439655, ""beta2"": -0.623231, ""beta3"": 5.271927, ""tau1"": 1.526302, ""tau2"": 11.334106}"
2025-01-28,1.110614,1.483092,-0.527869,5.463541,1.480063,11.272009,"{""date"": ""2025-01-28"", ""period"": ""28 Jan 2025"", ""beta0"": 1.110614, ""beta1"": 1.483092, ""beta2"": -0.527869, ""beta3"": 5.463541, ""tau1"": 1.480063, ""tau2"": 11.272009}"
2025-01-29,1.141972,1.46747,-0.03669,5.387137,1.05746,11.901771,"{""date"": ""2025-01-29"", ""period"": ""29 Jan 2025"", ""beta0"": 1.141972, ""beta1"": 1.46747, ""beta2"": -0.03669, ""beta3"": 5.387137, ""tau1"": 1.05746, ""tau2"": 11.901771}"
2025-01-30,1.108423,1.408804,0.074209,5.348541,0.941837,11.653156,"{""date"": ""2025-01-30"", ""period"": ""30 Jan 2025"", ""beta0"": 1.108423, ""beta1"": 1.408804, ""beta2"": 0.074209, ""beta3"": 5.348541, ""tau1"": 0.941837, ""tau2"": 11.653156}"
2025-01-31,1.194804,1.425386,-0.080747,5.006776,0.759375,11.749135,"{""date"": ""2025-01-31"", ""period"": ""31 Jan 2025"", ""beta0"": 1.194804, ""beta1"": 1.425386, ""beta2"": -0.080747, ""beta3"": 5.006776, ""tau1"": 0.759375, ""tau2"": 11.749135}"
2025-02-03,1.161582,1.424158,0.250856,4.844277,0.577046,11.860045,"{""date"": ""2025-02-03"", ""period"": ""03 Feb 2025"", ""beta0"": 1.161582, ""beta1"": 1.424158, ""beta2"": 0.250856, ""beta3"": 4.844277, ""tau1"": 0.577046, ""tau2"": 11.860045}"
2025-02-04,1.267475,1.333554,-0.024484,4.603184,0.604257,11.825802,"{""date"": ""2025-02-04"", ""period"": ""04 Feb 2025"", ""beta0"": 1.267475, ""beta1"": 1.333554, ""beta2"": -0.024484, ""beta3"": 4.603184, ""tau1"": 0.604257, ""tau2"": 11.825802}"
2025-02-05,1.252051,1.30626,0.031969,4.432149,0.653858,11.977719,"{""date"": ""2025-02-05"", ""period"": ""05 Feb 2025"", ""beta0"": 1.252051, ""beta1"": 1.30626, ""beta2"": 0.031969, ""beta3"": 4.432149, ""tau1"": 0.653858, ""tau2"": 11.977719}"
2025-02-06,1.264546,1.2818,-0.091952,4.437576,0.737296,12.215135,"{""date"": ""2025-02-06"", ""period"": ""06 Feb 2025"", ""beta0"": 1.264546, ""beta1"": 1.2818, ""beta2"": -0.091952, ""beta3"": 4.437576, ""tau1"": 0.737296, ""tau2"": 12.215135}"
2025-02-07,1.21185,1.317191,0.511306,4.707716,0.506989,11.783512,"{""date"": ""2025-02-07"", ""period"": ""07 Feb 2025"", ""beta0"": 1.21185, ""beta1"": 1.317191, ""beta2"": 0.511306, ""beta3"": 4.707716, ""tau1"": 0.506989, ""tau2"": 11.783512}"
2025-02-10,1.212909,1.298094,-0.965995,4.694932,1.357673,11.363146,"{""date"": ""2025-02-10"", ""period"": ""10 Feb 2025"", ""beta0"": 1.212909, ""beta1"": 1.298094, ""beta2"": -0.965995, ""beta3"": 4.694932, ""tau1"": 1.357673, ""tau2"": 11.363146}"
2025-02-11,1.212844,1.304704,-0.600542,4.877068,1.137104,11.639181,"{""date"": ""2025-02-11"", ""period"": ""11 Feb 2025"", ""beta0"": 1.212844, ""beta1"": 1.304704, ""beta2"": -0.600542, ""beta3"": 4.877068, ""tau1"": 1.137104, ""tau2"": 11.639181}"
2025-02-12,1.213474,1.299725,0.192661,5.010067,0.694996,11.743772,"{""date"": ""2025-02-12"", ""period"": ""12 Feb 2025"", ""beta0"": 1.213474, ""beta1"": 1.299725, ""beta2"": 0.192661, ""beta3"": 5.010067, ""tau1"": 0.694996, ""tau2"": 11.743772}"
2025-02-13,1.186669,1.321474,-0.526049,4.892263,1.162401,11.658288,"{""date"": ""2025-02-13"", ""period"": ""13 Feb 2025"", ""beta0"": 1.186669, ""beta1"": 1.321474, ""beta2"": -0.526049, ""beta3"": 4.892263, ""tau1"": 1.162401, ""tau2"": 11.658288}"
2025-02-14,1.138093,1.319795,-0.862313,5.101119,1.641079,11.188052,"{""date"": ""2025-02-14"", ""period"": ""14 Feb 2025"", ""beta0"": 1.138093, ""beta1"": 1.319795, ""beta2"": -0.862313, ""beta3"": 5.101119, ""tau1"": 1.641079, ""tau2"": 11.188052}"
2025-02-17,1.124026,1.320641,-0.236286,5.287639,1.145744,11.842503,"{""date"": ""2025-02-17"", ""period"": ""17 Feb 2025"", ""beta0"": 1.124026, ""beta1"": 1.320641, ""beta2"": -0.236286, ""beta3"": 5.287639, ""tau1"": 1.145744, ""tau2"": 11.842503}"
2025-02-18,1.138319,1.300451,0.036983,5.261009,0.903617,11.695292,"{""date"": ""2025-02-18"", ""period"": ""18 Feb 2025"", ""beta0"": 1.138319, ""beta1"": 1.300451, ""beta2"": 0.036983, ""beta3"": 5.261009, ""tau1"": 0.903617, ""tau2"": 11.695292}"
2025-02-19,1.114178,1.279939,0.006042,5.484162,1.115121,11.728751,"{""date"": ""2025-02-19"", ""period"": ""19 Feb 2025"", ""beta0"": 1.114178, ""beta1"": 1.279939, ""beta2"": 0.006042, ""beta3"": 5.484162, ""tau1"": 1.115121, ""tau2"": 11.728751}"
2025-02-20,1.115452,1.234947,-0.089276,5.492118,1.204188,11.831479,"{""date"": ""2025-02-20"", ""period"": ""20 Feb 2025"", ""beta0"": 1.115452, ""beta1"": 1.234947, ""beta2"": -0.089276, ""beta3"": 5.492118, ""tau1"": 1.204188, ""tau2"": 11.831479}"
2025-02-21,1.08584,1.301511,0.004444,5.373316,0.953992,11.671028,"{""date"": ""2025-02-21"", ""period"": ""21 Feb 2025"", ""beta0"": 1.08584, ""beta1"": 1.301511, ""beta2"": 0.004444, ""beta3"": 5.373316, ""tau1"": 0.953992, ""tau2"": 11.671028}"
2025-02-24,1.069631,1.325922,0.179997,5.463573,0.810533,11.801608,"{""date"": ""2025-02-24"", ""period"": ""24 Feb 2025"", ""beta0"": 1.069631, ""beta1"": 1.325922, ""beta2"": 0.179997, ""beta3"": 5.463573, ""tau1"": 0.810533, ""tau2"": 11.801608}"
2025-02-25,1.076852,1.328297,0.095037,5.430934,0.829212,11.852513,"{""date"": ""2025-02-25"", ""period"": ""25 Feb 2025"", ""beta0"": 1.076852, ""beta1"": 1.328297, ""beta2"": 0.095037, ""beta3"": 5.430934, ""tau1"": 0.829212, ""tau2"": 11.852513}"
2025-02-26,1.062412,1.297333,0.114401,5.406275,0.889004,12.024734,"{""date"": ""2025-02-26"", ""period"": ""26 Feb 2025"", ""beta0"": 1.062412, ""beta1"": 1.297333, ""beta2"": 0.114401, ""beta3"": 5.406275, ""tau1"": 0.889004, ""tau2"": 12.024734}"
2025-02-27,1.054996,1.291929,-1.10743,5.552182,1.878421,11.146285,"{""date"": ""2025-02-27"", ""period"": ""27 Feb 2025"", ""beta0"": 1.054996, ""beta1"": 1.291929, ""beta2"": -1.10743, ""beta3"": 5.552182, ""tau1"": 1.878421, ""tau2"": 11.146285}"
2025-02-28,1.055938,1.268664,-0.925691,5.455759,1.752026,11.63478,"{""date"": ""2025-02-28"", ""period"": ""28 Feb 2025"", ""beta0"": 1.055938, ""beta1"": 1.268664, ""beta2"": -0.925691, ""beta3"": 5.455759, ""tau1"": 1.752026, ""tau2"": 11.63478}"
2025-03-03,1.051899,1.313985,-0.824102,5.868785,1.675106,11.808039,"{""date"": ""2025-03-03"", ""period"": ""03 Mar 2025"", ""beta0"": 1.051899, ""beta1"": 1.313985, ""beta2"": -0.824102, ""beta3"": 5.868785, ""tau1"": 1.675106, ""tau2"": 11.808039}"
2025-03-04,1.058535,1.325212,-1.338403,6.050771,1.865948,11.59258,"{""date"": ""2025-03-04"", ""period"": ""04 Mar 2025"", ""beta0"": 1.058535, ""beta1"": 1.325212, ""beta2"": -1.338403, ""beta3"": 6.050771, ""tau1"": 1.865948, ""tau2"": 11.59258}"
2025-03-05,1.166206,1.183142,0.047464,6.136822,0.948394,11.685622,"{""date"": ""2025-03-05"", ""period"": ""05 Mar 2025"", ""beta0"": 1.166206, ""beta1"": 1.183142, ""beta2"": 0.047464, ""beta3"": 6.136822, ""tau1"": 0.948394, ""tau2"": 11.685622}"
2025-03-06,1.304535,1.043235,-0.038423,6.07208,0.974057,10.988749,"{""date"": ""2025-03-06"", ""period"": ""06 Mar 2025"", ""beta0"": 1.304535, ""beta1"": 1.043235, ""beta2"": -0.038423, ""beta3"": 6.07208, ""tau1"": 0.974057, ""tau2"": 10.988749}"
2025-03-07,1.305118,1.062387,0.077284,5.931187,0.809057,11.504674,"{""date"": ""2025-03-07"", ""period"": ""07 Mar 2025"", ""beta0"": 1.305118, ""beta1"": 1.062387, ""beta2"": 0.077284, ""beta3"": 5.931187, ""tau1"": 0.809057, ""tau2"": 11.504674}"
2025-03-10,1.343446,1.062961,-0.552817,5.872236,1.17961,11.437822,"{""date"": ""2025-03-10"", ""period"": ""10 Mar 2025"", ""beta0"": 1.343446, ""beta1"": 1.062961, ""beta2"": -0.552817, ""beta3"": 5.872236, ""tau1"": 1.17961, ""tau2"": 11.437822}"
2025-03-11,1.361109,1.081574,-0.61394,6.030799,1.07055,11.135183,"{""date"": ""2025-03-11"", ""period"": ""11 Mar 2025"", ""beta0"": 1.361109, ""beta1"": 1.081574, ""beta2"": -0.61394, ""beta3"": 6.030799, ""tau1"": 1.07055, ""tau2"": 11.135183}"
2025-03-12,1.341962,1.072455,-0.275877,6.083501,0.935969,11.437568,"{""date"": ""2025-03-12"", ""period"": ""12 Mar 2025"", ""beta0"": 1.341962, ""beta1"": 1.072455, ""beta2"": -0.275877, ""beta3"": 6.083501, ""tau1"": 0.935969, ""tau2"": 11.437568}"
2025-03-13,1.321451,1.067635,0.403087,6.149616,0.494022,11.675923,"{""date"": ""2025-03-13"", ""period"": ""13 Mar 2025"", ""beta0"": 1.321451, ""beta1"": 1.067635, ""beta2"": 0.403087, ""beta3"": 6.149616, ""tau1"": 0.494022, ""tau2"": 11.675923}"
2025-03-14,1.304663,1.042136,-0.979258,6.422936,1.760448,11.058563,"{""date"": ""2025-03-14"", ""period"": ""14 Mar 2025"", ""beta0"": 1.304663, ""beta1"": 1.042136, ""beta2"": -0.979258, ""beta3"": 6.422936, ""tau1"": 1.760448, ""tau2"": 11.058563}"
2025-03-17,1.288839,1.028877,0.365553,6.041502,0.602321,11.674829,"{""date"": ""2025-03-17"", ""period"": ""17 Mar 2025"", ""beta0"": 1.288839, ""beta1"": 1.028877, ""beta2"": 0.365553, ""beta3"": 6.041502, ""tau1"": 0.602321, ""tau2"": 11.674829}"
2025-03-18,1.305614,0.981992,0.156495,6.151873,0.784314,11.974477,"{""date"": ""2025-03-18"", ""period"": ""18 Mar 2025"", ""beta0"": 1.305614, ""beta1"": 0.981992, ""beta2"": 0.156495, ""beta3"": 6.151873, ""tau1"": 0.784314, ""tau2"": 11.974477}"
2025-03-19,1.309907,0.991065,0.520749,5.935539,0.516804,11.62117,"{""date"": ""2025-03-19"", ""period"": ""19 Mar 2025"", ""beta0"": 1.309907, ""beta1"": 0.991065, ""beta2"": 0.520749, ""beta3"": 5.935539, ""tau1"": 0.516804, ""tau2"": 11.62117}"
2025-03-20,1.324022,0.987211,-0.284213,5.805833,1.002962,11.718086,"{""date"": ""2025-03-20"", ""period"": ""20 Mar 2025"", ""beta0"": 1.324022, ""beta1"": 0.987211, ""beta2"": -0.284213, ""beta3"": 5.805833, ""tau1"": 1.002962, ""tau2"": 11.718086}"
2025-03-21,1.301458,0.981478,-1.285954,6.229531,2.073067,10.767666,"{""date"": ""2025-03-21"", ""period"": ""21 Mar 2025"", ""beta0"": 1.301458, ""beta1"": 0.981478, ""beta2"": -1.285954, ""beta3"": 6.229531, ""tau1"": 2.073067, ""tau2"": 10.767666}"
2025-03-24,1.291673,0.965874,-1.300519,6.337306,2.108811,10.679906,"{""date"": ""2025-03-24"", ""period"": ""24 Mar 2025"", ""beta0"": 1.291673, ""beta1"": 0.965874, ""beta2"": -1.300519, ""beta3"": 6.337306, ""tau1"": 2.108811, ""tau2"": 10.679906}"
2025-03-25,1.302795,0.951181,-1.274573,6.342961,2.111272,10.671896,"{""date"": ""2025-03-25"", ""period"": ""25 Mar 2025"", ""beta0"": 1.302795, ""beta1"": 0.951181, ""beta2"": -1.274573, ""beta3"": 6.342961, ""tau1"": 2.111272, ""tau2"": 10.671896}"
2025-03-26,1.319376,0.950232,-0.846308,6.131524,1.54424,11.451116,"{""date"": ""2025-03-26"", ""period"": ""26 Mar 2025"", ""beta0"": 1.319376, ""beta1"": 0.950232, ""beta2"": -0.846308, ""beta3"": 6.131524, ""tau1"": 1.54424, ""tau2"": 11.451116}"
2025-03-27,1.321653,0.946622,-1.169591,6.212548,1.693699,11.037629,"{""date"": ""2025-03-27"", ""period"": ""27 Mar 2025"", ""beta0"": 1.321653, ""beta1"": 0.946622, ""beta2"": -1.169591, ""beta3"": 6.212548, ""tau1"": 1.693699, ""tau2"": 11.037629}"
2025-03-28,1.32625,0.936147,-1.422215,6.157968,1.894121,10.896475,"{""date"": ""2025-03-28"", ""period"": ""28 Mar 2025"", ""beta0"": 1.32625, ""beta1"": 0.936147, ""beta2"": -1.422215, ""beta3"": 6.157968, ""tau1"": 1.894121, ""tau2"": 10.896475}"
2025-03-31,1.323162,0.938043,-1.479645,6.09034,1.877568,10.902947,"{""date"": ""2025-03-31"", ""period"": ""31 Mar 2025"", ""beta0"": 1.323162, ""beta1"": 0.938043, ""beta2"": -1.479645, ""beta3"": 6.09034, ""tau1"": 1.877568, ""tau2"": 10.902947}"
2025-04-01,1.33991,0.973479,-1.597464,5.902755,1.851187,10.539486,"{""date"": ""2025-04-01"", ""period"": ""01 Apr 2025"", ""beta0"": 1.33991, ""beta1"": 0.973479, ""beta2"": -1.597464, ""beta3"": 5.902755, ""tau1"": 1.851187, ""tau2"": 10.539486}"
2025-04-02,1.335296,0.972985,-1.394361,5.877134,1.690693,10.990593,"{""date"": ""2025-04-02"", ""period"": ""02 Apr 2025"", ""beta0"": 1.335296, ""beta1"": 0.972985, ""beta2"": -1.394361, ""beta3"": 5.877134, ""tau1"": 1.690693, ""tau2"": 10.990593}"
2025-04-03,1.333214,0.980084,-1.850707,6.085433,1.922652,10.815119,"{""date"": ""2025-04-03"", ""period"": ""03 Apr 2025"", ""beta0"": 1.333214, ""beta1"": 0.980084, ""beta2"": -1.850707, ""beta3"": 6.085433, ""tau1"": 1.922652, ""tau2"": 10.815119}"
2025-04-04,1.341212,0.993323,-2.26896,5.918364,1.834157,10.560069,"{""date"": ""2025-04-04"", ""period"": ""04 Apr 2025"", ""beta0"": 1.341212, ""beta1"": 0.993323, ""beta2"": -2.26896, ""beta3"": 5.918364, ""tau1"": 1.834157, ""tau2"": 10.560069}"
2025-04-07,1.340204,0.996836,-2.326139,6.051974,1.725364,10.579399,"{""date"": ""2025-04-07"", ""period"": ""07 Apr 2025"", ""beta0"": 1.340204, ""beta1"": 0.996836, ""beta2"": -2.326139, ""beta3"": 6.051974, ""tau1"": 1.725364, ""tau2"": 10.579399}"
2025-04-08,1.288865,0.937059,-2.235094,6.592739,2.214785,10.261019,"{""date"": ""2025-04-08"", ""period"": ""08 Apr 2025"", ""beta0"": 1.288865, ""beta1"": 0.937059, ""beta2"": -2.235094, ""beta3"": 6.592739, ""tau1"": 2.214785, ""tau2"": 10.261019}"
2025-04-09,1.280384,0.957542,-2.145188,6.213561,1.672247,10.669192,"{""date"": ""2025-04-09"", ""period"": ""09 Apr 2025"", ""beta0"": 1.280384, ""beta1"": 0.957542, ""beta2"": -2.145188, ""beta3"": 6.213561, ""tau1"": 1.672247, ""tau2"": 10.669192}"
2025-04-10,1.26734,0.977307,-1.942176,6.08509,1.788766,10.522541,"{""date"": ""2025-04-10"", ""period"": ""10 Apr 2025"", ""beta0"": 1.26734, ""beta1"": 0.977307, ""beta2"": -1.942176, ""beta3"": 6.08509, ""tau1"": 1.788766, ""tau2"": 10.522541}"
2025-04-11,1.126018,0.946075,-1.423166,6.095819,1.505081,11.00592,"{""date"": ""2025-04-11"", ""period"": ""11 Apr 2025"", ""beta0"": 1.126018, ""beta1"": 0.946075, ""beta2"": -1.423166, ""beta3"": 6.095819, ""tau1"": 1.505081, ""tau2"": 11.00592}"
2025-04-14,1.194,1.006914,-1.268366,5.773151,1.150087,11.535638,"{""date"": ""2025-04-14"", ""period"": ""14 Apr 2025"", ""beta0"": 1.194, ""beta1"": 1.006914, ""beta2"": -1.268366, ""beta3"": 5.773151, ""tau1"": 1.150087, ""tau2"": 11.535638}"
2025-04-15,1.086911,0.904377,-1.450145,6.447795,1.891099,10.968701,"{""date"": ""2025-04-15"", ""period"": ""15 Apr 2025"", ""beta0"": 1.086911, ""beta1"": 0.904377, ""beta2"": -1.450145, ""beta3"": 6.447795, ""tau1"": 1.891099, ""tau2"": 10.968701}"
2025-04-16,1.107719,0.93205,-1.522482,6.222634,1.670962,10.90048,"{""date"": ""2025-04-16"", ""period"": ""16 Apr 2025"", ""beta0"": 1.107719, ""beta1"": 0.93205, ""beta2"": -1.522482, ""beta3"": 6.222634, ""tau1"": 1.670962, ""tau2"": 10.90048}"
2025-04-17,1.10328,0.93892,-1.477139,6.263628,1.609396,11.561495,"{""date"": ""2025-04-17"", ""period"": ""17 Apr 2025"", ""beta0"": 1.10328, ""beta1"": 0.93892, ""beta2"": -1.477139, ""beta3"": 6.263628, ""tau1"": 1.609396, ""tau2"": 11.561495}"
2025-04-22,1.143414,0.951473,-1.531598,5.980997,1.423276,11.478933,"{""date"": ""2025-04-22"", ""period"": ""22 Apr 2025"", ""beta0"": 1.143414, ""beta1"": 0.951473, ""beta2"": -1.531598, ""beta3"": 5.980997, ""tau1"": 1.423276, ""tau2"": 11.478933}"
2025-04-23,1.119467,0.908094,-1.339222,6.216202,1.618616,11.490247,"{""date"": ""2025-04-23"", ""period"": ""23 Apr 2025"", ""beta0"": 1.119467, ""beta1"": 0.908094, ""beta2"": -1.339222, ""beta3"": 6.216202, ""tau1"": 1.618616, ""tau2"": 11.490247}"
2025-04-24,1.149233,0.912321,-1.562477,6.029274,1.542333,11.546936,"{""date"": ""2025-04-24"", ""period"": ""24 Apr 2025"", ""beta0"": 1.149233, ""beta1"": 0.912321, ""beta2"": -1.562477, ""beta3"": 6.029274, ""tau1"": 1.542333, ""tau2"": 11.546936}"
2025-04-25,1.209689,0.945263,-1.696235,5.872632,1.56071,11.405153,"{""date"": ""2025-04-25"", ""period"": ""25 Apr 2025"", ""beta0"": 1.209689, ""beta1"": 0.945263, ""beta2"": -1.696235, ""beta3"": 5.872632, ""tau1"": 1.56071, ""tau2"": 11.405153}"
2025-04-28,1.150354,0.920557,-1.676653,6.302563,1.766669,11.249866,"{""date"": ""2025-04-28"", ""period"": ""28 Apr 2025"", ""beta0"": 1.150354, ""beta1"": 0.920557, ""beta2"": -1.676653, ""beta3"": 6.302563, ""tau1"": 1.766669, ""tau2"": 11.249866}"
2025-04-29,1.12627,0.891549,-1.88498,6.458515,2.111614,10.781473,"{""date"": ""2025-04-29"", ""period"": ""29 Apr 2025"", ""beta0"": 1.12627, ""beta1"": 0.891549, ""beta2"": -1.88498, ""beta3"": 6.458515, ""tau1"": 2.111614, ""tau2"": 10.781473}"
2025-04-30,1.112592,0.851853,-1.825632,6.397646,2.058181,10.92204,"{""date"": ""2025-04-30"", ""period"": ""30 Apr 2025"", ""beta0"": 1.112592, ""beta1"": 0.851853, ""beta2"": -1.825632, ""beta3"": 6.397646, ""tau1"": 2.058181, ""tau2"": 10.92204}"
2025-05-02,1.096098,0.878212,-1.775932,6.5809,2.175506,10.937351,"{""date"": ""2025-05-02"", ""period"": ""02 May 2025"", ""beta0"": 1.096098, ""beta1"": 0.878212, ""beta2"": -1.775932, ""beta3"": 6.5809, ""tau1"": 2.175506, ""tau2"": 10.937351}"
2025-05-05,1.097093,0.892815,-1.665037,6.642419,1.991622,11.319668,"{""date"": ""2025-05-05"", ""period"": ""05 May 2025"", ""beta0"": 1.097093, ""beta1"": 0.892815, ""beta2"": -1.665037, ""beta3"": 6.642419, ""tau1"": 1.991622, ""tau2"": 11.319668}"
2025-05-06,1.089411,0.919021,-1.824213,6.862292,2.131428,11.04362,"{""date"": ""2025-05-06"", ""period"": ""06 May 2025"", ""beta0"": 1.089411, ""beta1"": 0.919021, ""beta2"": -1.824213, ""beta3"": 6.862292, ""tau1"": 2.131428, ""tau2"": 11.04362}"
2025-05-07,1.096562,0.939204,-1.87613,6.589489,2.032054,11.016306,"{""date"": ""2025-05-07"", ""period"": ""07 May 2025"", ""beta0"": 1.096562, ""beta1"": 0.939204, ""beta2"": -1.87613, ""beta3"": 6.589489, ""tau1"": 2.032054, ""tau2"": 11.016306}"
2025-05-08,1.099301,0.958022,-1.707505,6.547021,1.875768,11.307077,"{""date"": ""2025-05-08"", ""period"": ""08 May 2025"", ""beta0"": 1.099301, ""beta1"": 0.958022, ""beta2"": -1.707505, ""beta3"": 6.547021, ""tau1"": 1.875768, ""tau2"": 11.307077}"
2025-05-09,1.087515,0.953445,-1.624252,6.733841,1.896299,11.185356,"{""date"": ""2025-05-09"", ""period"": ""09 May 2025"", ""beta0"": 1.087515, ""beta1"": 0.953445, ""beta2"": -1.624252, ""beta3"": 6.733841, ""tau1"": 1.896299, ""tau2"": 11.185356}"
2025-05-12,1.053443,0.932245,0.649969,6.699117,0.450933,12.515075,"{""date"": ""2025-05-12"", ""period"": ""12 May 2025"", ""beta0"": 1.053443, ""beta1"": 0.932245, ""beta2"": 0.649969, ""beta3"": 6.699117, ""tau1"": 0.450933, ""tau2"": 12.515075}"
2025-05-13,1.01409,0.922835,0.746941,6.919806,0.453712,12.450124,"{""date"": ""2025-05-13"", ""period"": ""13 May 2025"", ""beta0"": 1.01409, ""beta1"": 0.922835, ""beta2"": 0.746941, ""beta3"": 6.919806, ""tau1"": 0.453712, ""tau2"": 12.450124}"
2025-05-14,1.070282,0.9733,-0.868922,6.863869,1.56105,11.877953,"{""date"": ""2025-05-14"", ""period"": ""14 May 2025"", ""beta0"": 1.070282, ""beta1"": 0.9733, ""beta2"": -0.868922, ""beta3"": 6.863869, ""tau1"": 1.56105, ""tau2"": 11.877953}"
2025-05-15,1.089661,0.984617,-1.133886,6.765535,1.698255,11.701826,"{""date"": ""2025-05-15"", ""period"": ""15 May 2025"", ""beta0"": 1.089661, ""beta1"": 0.984617, ""beta2"": -1.133886, ""beta3"": 6.765535, ""tau1"": 1.698255, ""tau2"": 11.701826}"
2025-05-16,1.060049,0.964942,-1.109008,6.652588,1.768385,11.784312,"{""date"": ""2025-05-16"", ""period"": ""16 May 2025"", ""beta0"": 1.060049, ""beta1"": 0.964942, ""beta2"": -1.109008, ""beta3"": 6.652588, ""tau1"": 1.768385, ""tau2"": 11.784312}"
2025-05-19,1.09207,0.98414,-1.074135,6.600171,1.487542,12.014756,"{""date"": ""2025-05-19"", ""period"": ""19 May 2025"", ""beta0"": 1.09207, ""beta1"": 0.98414, ""beta2"": -1.074135, ""beta3"": 6.600171, ""tau1"": 1.487542, ""tau2"": 12.014756}"
2025-05-20,1.037803,0.937911,-1.243809,7.036023,2.035726,11.834541,"{""date"": ""2025-05-20"", ""period"": ""20 May 2025"", ""beta0"": 1.037803, ""beta1"": 0.937911, ""beta2"": -1.243809, ""beta3"": 7.036023, ""tau1"": 2.035726, ""tau2"": 11.834541}"
2025-05-21,1.042823,0.958692,-0.914649,7.03568,1.629986,12.500901,"{""date"": ""2025-05-21"", ""period"": ""21 May 2025"", ""beta0"": 1.042823, ""beta1"": 0.958692, ""beta2"": -0.914649, ""beta3"": 7.03568, ""tau1"": 1.629986, ""tau2"": 12.500901}"
2025-05-22,1.063273,0.980042,-1.030984,7.072921,1.52752,12.501891,"{""date"": ""2025-05-22"", ""period"": ""22 May 2025"", ""beta0"": 1.063273, ""beta1"": 0.980042, ""beta2"": -1.030984, ""beta3"": 7.072921, ""tau1"": 1.52752, ""tau2"": 12.501891}"
2025-05-23,1.077342,0.99259,-1.203374,6.792241,1.394371,12.563331,"{""date"": ""2025-05-23"", ""period"": ""23 May 2025"", ""beta0"": 1.077342, ""beta1"": 0.99259, ""beta2"": -1.203374, ""beta3"": 6.792241, ""tau1"": 1.394371, ""tau2"": 12.563331}"
2025-05-26,0.997155,0.932331,-1.239638,7.052928,1.94713,11.898083,"{""date"": ""2025-05-26"", ""period"": ""26 May 2025"", ""beta0"": 0.997155, ""beta1"": 0.932331, ""beta2"": -1.239638, ""beta3"": 7.052928, ""tau1"": 1.94713, ""tau2"": 11.898083}"
2025-05-27,1.002148,0.918741,-1.021554,6.803367,1.784016,12.169681,"{""date"": ""2025-05-27"", ""period"": ""27 May 2025"", ""beta0"": 1.002148, ""beta1"": 0.918741, ""beta2"": -1.021554, ""beta3"": 6.803367, ""tau1"": 1.784016, ""tau2"": 12.169681}"
2025-05-28,1.009982,0.953615,-1.042167,6.800248,1.776628,12.175589,"{""date"": ""2025-05-28"", ""period"": ""28 May 2025"", ""beta0"": 1.009982, ""beta1"": 0.953615, ""beta2"": -1.042167, ""beta3"": 6.800248, ""tau1"": 1.776628, ""tau2"": 12.175589}"
2025-05-29,1.002004,0.923815,-1.155395,6.767091,1.936833,12.04153,"{""date"": ""2025-05-29"", ""period"": ""29 May 2025"", ""beta0"": 1.002004, ""beta1"": 0.923815, ""beta2"": -1.155395, ""beta3"": 6.767091, ""tau1"": 1.936833, ""tau2"": 12.04153}"
2025-05-30,1.016118,0.899349,-1.092174,6.735744,1.953736,12.270974,"{""date"": ""2025-05-30"", ""period"": ""30 May 2025"", ""beta0"": 1.016118, ""beta1"": 0.899349, ""beta2"": -1.092174, ""beta3"": 6.735744, ""tau1"": 1.953736, ""tau2"": 12.270974}"
2025-06-02,1.019158,0.918381,-1.443788,6.920755,2.346484,11.755306,"{""date"": ""2025-06-02"", ""period"": ""02 Jun 2025"", ""beta0"": 1.019158, ""beta1"": 0.918381, ""beta2"": -1.443788, ""beta3"": 6.920755, ""tau1"": 2.346484, ""tau2"": 11.755306}"
2025-06-03,1.027824,0.92405,-1.301851,6.707383,1.972166,12.059754,"{""date"": ""2025-06-03"", ""period"": ""03 Jun 2025"", ""beta0"": 1.027824, ""beta1"": 0.92405, ""beta2"": -1.301851, ""beta3"": 6.707383, ""tau1"": 1.972166, ""tau2"": 12.059754}"
2025-06-04,1.026784,0.866626,-1.055981,6.745876,2.026374,12.273727,"{""date"": ""2025-06-04"", ""period"": ""04 Jun 2025"", ""beta0"": 1.026784, ""beta1"": 0.866626, ""beta2"": -1.055981, ""beta3"": 6.745876, ""tau1"": 2.026374, ""tau2"": 12.273727}"
2025-06-05,0.993772,0.861254,0.322003,6.635629,0.670345,12.689584,"{""date"": ""2025-06-05"", ""period"": ""05 Jun 2025"", ""beta0"": 0.993772, ""beta1"": 0.861254, ""beta2"": 0.322003, ""beta3"": 6.635629, ""tau1"": 0.670345, ""tau2"": 12.689584}"
2025-06-06,1.031821,0.86756,-0.84236,6.658403,2.079516,12.12738,"{""date"": ""2025-06-06"", ""period"": ""06 Jun 2025"", ""beta0"": 1.031821, ""beta1"": 0.86756, ""beta2"": -0.84236, ""beta3"": 6.658403, ""tau1"": 2.079516, ""tau2"": 12.12738}"
2025-06-09,1.009632,0.883535,-1.095488,6.919562,2.337682,11.82038,"{""date"": ""2025-06-09"", ""period"": ""09 Jun 2025"", ""beta0"": 1.009632, ""beta1"": 0.883535, ""beta2"": -1.095488, ""beta3"": 6.919562, ""tau1"": 2.337682, ""tau2"": 11.82038}"
2025-06-10,0.976577,0.916621,-1.226679,6.790875,2.43587,11.437287,"{""date"": ""2025-06-10"", ""period"": ""10 Jun 2025"", ""beta0"": 0.976577, ""beta1"": 0.916621, ""beta2"": -1.226679, ""beta3"": 6.790875, ""tau1"": 2.43587, ""tau2"": 11.437287}"
2025-06-11,0.975624,0.91935,-0.607112,6.663673,1.582813,12.456784,"{""date"": ""2025-06-11"", ""period"": ""11 Jun 2025"", ""beta0"": 0.975624, ""beta1"": 0.91935, ""beta2"": -0.607112, ""beta3"": 6.663673, ""tau1"": 1.582813, ""tau2"": 12.456784}"
2025-06-12,0.904845,0.977872,-0.741577,6.815022,1.901189,12.568325,"{""date"": ""2025-06-12"", ""period"": ""12 Jun 2025"", ""beta0"": 0.904845, ""beta1"": 0.977872, ""beta2"": -0.741577, ""beta3"": 6.815022, ""tau1"": 1.901189, ""tau2"": 12.568325}"
2025-06-13,0.912801,0.943758,-1.578463,7.173674,2.989144,11.051876,"{""date"": ""2025-06-13"", ""period"": ""13 Jun 2025"", ""beta0"": 0.912801, ""beta1"": 0.943758, ""beta2"": -1.578463, ""beta3"": 7.173674, ""tau1"": 2.989144, ""tau2"": 11.051876}"
2025-06-16,0.925717,0.940875,-1.556773,7.167236,2.842118,11.006615,"{""date"": ""2025-06-16"", ""period"": ""16 Jun 2025"", ""beta0"": 0.925717, ""beta1"": 0.940875, ""beta2"": -1.556773, ""beta3"": 7.167236, ""tau1"": 2.842118, ""tau2"": 11.006615}"
2025-06-17,0.927132,0.918124,-1.150276,7.040828,2.760353,11.867625,"{""date"": ""2025-06-17"", ""period"": ""17 Jun 2025"", ""beta0"": 0.927132, ""beta1"": 0.918124, ""beta2"": -1.150276, ""beta3"": 7.040828, ""tau1"": 2.760353, ""tau2"": 11.867625}"
2025-06-18,0.938782,0.919064,-1.065334,6.870184,2.520397,11.958374,"{""date"": ""2025-06-18"", ""period"": ""18 Jun 2025"", ""beta0"": 0.938782, ""beta1"": 0.919064, ""beta2"": -1.065334, ""beta3"": 6.870184, ""tau1"": 2.520397, ""tau2"": 11.958374}"
2025-06-19,0.938134,0.920339,-1.071543,6.872466,2.467706,11.914675,"{""date"": ""2025-06-19"", ""period"": ""19 Jun 2025"", ""beta0"": 0.938134, ""beta1"": 0.920339, ""beta2"": -1.071543, ""beta3"": 6.872466, ""tau1"": 2.467706, ""tau2"": 11.914675}"
2025-06-20,0.942028,0.925164,-1.198554,6.970762,2.599855,11.765798,"{""date"": ""2025-06-20"", ""period"": ""20 Jun 2025"", ""beta0"": 0.942028, ""beta1"": 0.925164, ""beta2"": -1.198554, ""beta3"": 6.970762, ""tau1"": 2.599855, ""tau2"": 11.765798}"
2025-06-23,0.948108,0.954631,-1.722302,7.198759,3.05684,11.114513,"{""date"": ""2025-06-23"", ""period"": ""23 Jun 2025"", ""beta0"": 0.948108, ""beta1"": 0.954631, ""beta2"": -1.722302, ""beta3"": 7.198759, ""tau1"": 3.05684, ""tau2"": 11.114513}"
2025-06-24,0.952169,0.968478,-1.176427,7.035905,2.360542,11.812397,"{""date"": ""2025-06-24"", ""period"": ""24 Jun 2025"", ""beta0"": 0.952169, ""beta1"": 0.968478, ""beta2"": -1.176427, ""beta3"": 7.035905, ""tau1"": 2.360542, ""tau2"": 11.812397}"
2025-06-25,0.965284,0.916159,-1.083585,7.083648,2.42095,12.085491,"{""date"": ""2025-06-25"", ""period"": ""25 Jun 2025"", ""beta0"": 0.965284, ""beta1"": 0.916159, ""beta2"": -1.083585, ""beta3"": 7.083648, ""tau1"": 2.42095, ""tau2"": 12.085491}"
2025-06-26,0.990301,0.900396,-1.192681,7.067103,2.283258,12.072606,"{""date"": ""2025-06-26"", ""period"": ""26 Jun 2025"", ""beta0"": 0.990301, ""beta1"": 0.900396, ""beta2"": -1.192681, ""beta3"": 7.067103, ""tau1"": 2.283258, ""tau2"": 12.072606}"
2025-06-27,0.988188,0.908872,-1.089077,7.080943,2.257678,12.016223,"{""date"": ""2025-06-27"", ""period"": ""27 Jun 2025"", ""beta0"": 0.988188, ""beta1"": 0.908872, ""beta2"": -1.089077, ""beta3"": 7.080943, ""tau1"": 2.257678, ""tau2"": 12.016223}"
2025-06-30,0.998961,0.895584,-1.055837,6.96295,2.219346,11.91878,"{""date"": ""2025-06-30"", ""period"": ""30 Jun 2025"", ""beta0"": 0.998961, ""beta1"": 0.895584, ""beta2"": -1.055837, ""beta3"": 6.96295, ""tau1"": 2.219346, ""tau2"": 11.91878}"
2025-07-01,0.99639,0.89678,-0.953647,6.818138,2.028327,12.022171,"{""date"": ""2025-07-01"", ""period"": ""01 Jul 2025"", ""beta0"": 0.99639, ""beta1"": 0.89678, ""beta2"": -0.953647, ""beta3"": 6.818138, ""tau1"": 2.028327, ""tau2"": 12.022171}"
2025-07-02,1.039258,0.857836,-0.828536,6.958246,1.868012,12.32282,"{""date"": ""2025-07-02"", ""period"": ""02 Jul 2025"", ""beta0"": 1.039258, ""beta1"": 0.857836, ""beta2"": -0.828536, ""beta3"": 6.958246, ""tau1"": 1.868012, ""tau2"": 12.32282}"
2025-07-03,1.026559,0.836275,-0.983591,6.923567,2.170531,12.094366,"{""date"": ""2025-07-03"", ""period"": ""03 Jul 2025"", ""beta0"": 1.026559, ""beta1"": 0.836275, ""beta2"": -0.983591, ""beta3"": 6.923567, ""tau1"": 2.170531, ""tau2"": 12.094366}"
2025-07-04,1.040995,0.861858,-1.1137,6.825658,2.063453,12.1518,"{""date"": ""2025-07-04"", ""period"": ""04 Jul 2025"", ""beta0"": 1.040995, ""beta1"": 0.861858, ""beta2"": -1.1137, ""beta3"": 6.825658, ""tau1"": 2.063453, ""tau2"": 12.1518}"
2025-07-07,1.022653,0.85681,-0.917207,6.980709,2.000388,12.335178,"{""date"": ""2025-07-07"", ""period"": ""07 Jul 2025"", ""beta0"": 1.022653, ""beta1"": 0.85681, ""beta2"": -0.917207, ""beta3"": 6.980709, ""tau1"": 2.000388, ""tau2"": 12.335178}"
2025-07-08,0.999151,0.866384,-1.001584,7.253438,2.305398,12.104974,"{""date"": ""2025-07-08"", ""period"": ""08 Jul 2025"", ""beta0"": 0.999151, ""beta1"": 0.866384, ""beta2"": -1.001584, ""beta3"": 7.253438, ""tau1"": 2.305398, ""tau2"": 12.104974}"
2025-07-09,1.00276,0.865952,-0.793633,7.186523,1.95304,12.585185,"{""date"": ""2025-07-09"", ""period"": ""09 Jul 2025"", ""beta0"": 1.00276, ""beta1"": 0.865952, ""beta2"": -0.793633, ""beta3"": 7.186523, ""tau1"": 1.95304, ""tau2"": 12.585185}"
2025-07-10,1.029539,0.813428,-0.754665,7.199247,2.075969,12.663264,"{""date"": ""2025-07-10"", ""period"": ""10 Jul 2025"", ""beta0"": 1.029539, ""beta1"": 0.813428, ""beta2"": -0.754665, ""beta3"": 7.199247, ""tau1"": 2.075969, ""tau2"": 12.663264}"
2025-07-11,1.036314,0.818364,-1.042719,7.390483,2.580531,12.220766,"{""date"": ""2025-07-11"", ""period"": ""11 Jul 2025"", ""beta0"": 1.036314, ""beta1"": 0.818364, ""beta2"": -1.042719, ""beta3"": 7.390483, ""tau1"": 2.580531, ""tau2"": 12.220766}"
2025-07-14,1.068852,0.765655,-0.78293,7.236415,2.069384,12.673568,"{""date"": ""2025-07-14"", ""period"": ""14 Jul 2025"", ""beta0"": 1.068852, ""beta1"": 0.765655, ""beta2"": -0.78293, ""beta3"": 7.236415, ""tau1"": 2.069384, ""tau2"": 12.673568}"
2025-07-15,1.09508,0.770076,-0.729482,6.972221,1.756555,12.881204,"{""date"": ""2025-07-15"", ""period"": ""15 Jul 2025"", ""beta0"": 1.09508, ""beta1"": 0.770076, ""beta2"": -0.729482, ""beta3"": 6.972221, ""tau1"": 1.756555, ""tau2"": 12.881204}"
2025-07-16,1.106024,0.79134,-0.838869,7.002326,1.727914,12.910415,"{""date"": ""2025-07-16"", ""period"": ""16 Jul 2025"", ""beta0"": 1.106024, ""beta1"": 0.79134, ""beta2"": -0.838869, ""beta3"": 7.002326, ""tau1"": 1.727914, ""tau2"": 12.910415}"
2025-07-17,1.090268,0.762679,-0.962779,7.098445,2.049321,12.748857,"{""date"": ""2025-07-17"", ""period"": ""17 Jul 2025"", ""beta0"": 1.090268, ""beta1"": 0.762679, ""beta2"": -0.962779, ""beta3"": 7.098445, ""tau1"": 2.049321, ""tau2"": 12.748857}"
2025-07-18,1.09599,0.757419,-0.920753,7.128246,2.043973,12.740794,"{""date"": ""2025-07-18"", ""period"": ""18 Jul 2025"", ""beta0"": 1.09599, ""beta1"": 0.757419, ""beta2"": -0.920753, ""beta3"": 7.128246, ""tau1"": 2.043973, ""tau2"": 12.740794}"
2025-07-21,1.105743,0.756412,-1.358103,6.999242,2.452147,12.200485,"{""date"": ""2025-07-21"", ""period"": ""21 Jul 2025"", ""beta0"": 1.105743, ""beta1"": 0.756412, ""beta2"": -1.358103, ""beta3"": 6.999242, ""tau1"": 2.452147, ""tau2"": 12.200485}"
2025-07-22,1.106106,0.781968,-1.423565,6.959974,2.384192,12.207073,"{""date"": ""2025-07-22"", ""period"": ""22 Jul 2025"", ""beta0"": 1.106106, ""beta1"": 0.781968, ""beta2"": -1.423565, ""beta3"": 6.959974, ""tau1"": 2.384192, ""tau2"": 12.207073}"
2025-07-23,1.109933,0.781647,-1.161758,6.882057,2.055907,12.809944,"{""date"": ""2025-07-23"", ""period"": ""23 Jul 2025"", ""beta0"": 1.109933, ""beta1"": 0.781647, ""beta2"": -1.161758, ""beta3"": 6.882057, ""tau1"": 2.055907, ""tau2"": 12.809944}"
2025-07-24,1.117253,0.753723,-1.230783,7.159453,2.639278,12.208226,"{""date"": ""2025-07-24"", ""period"": ""24 Jul 2025"", ""beta0"": 1.117253, ""beta1"": 0.753723, ""beta2"": -1.230783, ""beta3"": 7.159453, ""tau1"": 2.639278, ""tau2"": 12.208226}"
2025-07-25,1.144152,0.756386,-1.187131,7.16274,2.648726,12.191444,"{""date"": ""2025-07-25"", ""period"": ""25 Jul 2025"", ""beta0"": 1.144152, ""beta1"": 0.756386, ""beta2"": -1.187131, ""beta3"": 7.16274, ""tau1"": 2.648726, ""tau2"": 12.191444}"
2025-07-28,1.131238,0.769312,-1.150384,7.060794,2.391122,12.3691,"{""date"": ""2025-07-28"", ""period"": ""28 Jul 2025"", ""beta0"": 1.131238, ""beta1"": 0.769312, ""beta2"": -1.150384, ""beta3"": 7.060794, ""tau1"": 2.391122, ""tau2"": 12.3691}"
2025-07-29,1.116424,0.767404,-1.182547,7.161328,2.650871,12.199678,"{""date"": ""2025-07-29"", ""period"": ""29 Jul 2025"", ""beta0"": 1.116424, ""beta1"": 0.767404, ""beta2"": -1.182547, ""beta3"": 7.161328, ""tau1"": 2.650871, ""tau2"": 12.199678}"
2025-07-30,1.124668,0.778196,-1.165884,7.138417,2.670602,12.190853,"{""date"": ""2025-07-30"", ""period"": ""30 Jul 2025"", ""beta0"": 1.124668, ""beta1"": 0.778196, ""beta2"": -1.165884, ""beta3"": 7.138417, ""tau1"": 2.670602, ""tau2"": 12.190853}"
2025-07-31,1.122719,0.796713,-1.037146,7.00076,2.545139,12.401086,"{""date"": ""2025-07-31"", ""period"": ""31 Jul 2025"", ""beta0"": 1.122719, ""beta1"": 0.796713, ""beta2"": -1.037146, ""beta3"": 7.00076, ""tau1"": 2.545139, ""tau2"": 12.401086}"
2025-08-01,1.117571,0.76417,-0.954538,6.944185,2.307909,12.754777,"{""date"": ""2025-08-01"", ""period"": ""01 Aug 2025"", ""beta0"": 1.117571, ""beta1"": 0.76417, ""beta2"": -0.954538, ""beta3"": 6.944185, ""tau1"": 2.307909, ""tau2"": 12.754777}"
2025-08-04,1.134188,0.752588,-1.198037,6.924194,2.600123,12.4729,"{""date"": ""2025-08-04"", ""period"": ""04 Aug 2025"", ""beta0"": 1.134188, ""beta1"": 0.752588, ""beta2"": -1.198037, ""beta3"": 6.924194, ""tau1"": 2.600123, ""tau2"": 12.4729}"
2025-08-05,1.135938,0.731571,-1.206046,6.926261,2.751682,12.519973,"{""date"": ""2025-08-05"", ""period"": ""05 Aug 2025"", ""beta0"": 1.135938, ""beta1"": 0.731571, ""beta2"": -1.206046, ""beta3"": 6.926261, ""tau1"": 2.751682, ""tau2"": 12.519973}"
2025-08-06,1.141218,0.759729,-1.233273,6.929661,2.584634,12.481575,"{""date"": ""2025-08-06"", ""period"": ""06 Aug 2025"", ""beta0"": 1.141218, ""beta1"": 0.759729, ""beta2"": -1.233273, ""beta3"": 6.929661, ""tau1"": 2.584634, ""tau2"": 12.481575}"
2025-08-07,1.130942,0.764474,-1.170553,6.91503,2.617963,12.466403,"{""date"": ""2025-08-07"", ""period"": ""07 Aug 2025"", ""beta0"": 1.130942, ""beta1"": 0.764474, ""beta2"": -1.170553, ""beta3"": 6.91503, ""tau1"": 2.617963, ""tau2"": 12.466403}"
2025-08-08,1.108197,0.793394,-1.291431,7.239192,2.977133,12.254714,"{""date"": ""2025-08-08"", ""period"": ""08 Aug 2025"", ""beta0"": 1.108197, ""beta1"": 0.793394, ""beta2"": -1.291431, ""beta3"": 7.239192, ""tau1"": 2.977133, ""tau2"": 12.254714}"
2025-08-11,1.127803,0.766763,-1.298596,7.22812,3.058908,12.313316,"{""date"": ""2025-08-11"", ""period"": ""11 Aug 2025"", ""beta0"": 1.127803, ""beta1"": 0.766763, ""beta2"": -1.298596, ""beta3"": 7.22812, ""tau1"": 3.058908, ""tau2"": 12.313316}"
2025-08-12,1.137649,0.786025,-1.278177,7.328931,2.770751,12.094387,"{""date"": ""2025-08-12"", ""period"": ""12 Aug 2025"", ""beta0"": 1.137649, ""beta1"": 0.786025, ""beta2"": -1.278177, ""beta3"": 7.328931, ""tau1"": 2.770751, ""tau2"": 12.094387}"
2025-08-13,1.163098,0.771387,-1.466401,7.238798,2.807011,12.280789,"{""date"": ""2025-08-13"", ""period"": ""13 Aug 2025"", ""beta0"": 1.163098, ""beta1"": 0.771387, ""beta2"": -1.466401, ""beta3"": 7.238798, ""tau1"": 2.807011, ""tau2"": 12.280789}"
2025-08-14,1.170478,0.757058,-1.425826,7.260928,2.805221,12.286632,"{""date"": ""2025-08-14"", ""period"": ""14 Aug 2025"", ""beta0"": 1.170478, ""beta1"": 0.757058, ""beta2"": -1.425826, ""beta3"": 7.260928, ""tau1"": 2.805221, ""tau2"": 12.286632}"
2025-08-15,1.131919,0.799471,-0.649075,7.350751,1.818607,13.597485,"{""date"": ""2025-08-15"", ""period"": ""15 Aug 2025"", ""beta0"": 1.131919, ""beta1"": 0.799471, ""beta2"": -0.649075, ""beta3"": 7.350751, ""tau1"": 1.818607, ""tau2"": 13.597485}"
2025-08-18,1.124388,0.814904,-1.171568,7.514509,2.505012,12.777358,"{""date"": ""2025-08-18"", ""period"": ""18 Aug 2025"", ""beta0"": 1.124388, ""beta1"": 0.814904, ""beta2"": -1.171568, ""beta3"": 7.514509, ""tau1"": 2.505012, ""tau2"": 12.777358}"
2025-08-19,1.117722,0.799868,-1.014295,7.466702,2.424911,13.143861,"{""date"": ""2025-08-19"", ""period"": ""19 Aug 2025"", ""beta0"": 1.117722, ""beta1"": 0.799868, ""beta2"": -1.014295, ""beta3"": 7.466702, ""tau1"": 2.424911, ""tau2"": 13.143861}"
2025-08-20,1.098417,0.827672,-1.087335,7.442355,2.365002,13.116601,"{""date"": ""2025-08-20"", ""period"": ""20 Aug 2025"", ""beta0"": 1.098417, ""beta1"": 0.827672, ""beta2"": -1.087335, ""beta3"": 7.442355, ""tau1"": 2.365002, ""tau2"": 13.116601}"
2025-08-21,1.112533,0.804127,-1.035201,7.495204,2.541553,13.138503,"{""date"": ""2025-08-21"", ""period"": ""21 Aug 2025"", ""beta0"": 1.112533, ""beta1"": 0.804127, ""beta2"": -1.035201, ""beta3"": 7.495204, ""tau1"": 2.541553, ""tau2"": 13.138503}"
2025-08-22,1.1067,0.808379,-1.647433,7.755098,3.261981,12.075663,"{""date"": ""2025-08-22"", ""period"": ""22 Aug 2025"", ""beta0"": 1.1067, ""beta1"": 0.808379, ""beta2"": -1.647433, ""beta3"": 7.755098, ""tau1"": 3.261981, ""tau2"": 12.075663}"
2025-08-25,1.133529,0.802528,-1.044409,7.505831,2.541123,13.140861,"{""date"": ""2025-08-25"", ""period"": ""25 Aug 2025"", ""beta0"": 1.133529, ""beta1"": 0.802528, ""beta2"": -1.044409, ""beta3"": 7.505831, ""tau1"": 2.541123, ""tau2"": 13.140861}"
2025-08-26,1.137538,0.79636,-1.379909,7.57844,2.739773,12.858891,"{""date"": ""2025-08-26"", ""period"": ""26 Aug 2025"", ""beta0"": 1.137538, ""beta1"": 0.79636, ""beta2"": -1.379909, ""beta3"": 7.57844, ""tau1"": 2.739773, ""tau2"": 12.858891}"
2025-08-27,1.140948,0.806391,-1.45627,7.580356,2.667856,12.836928,"{""date"": ""2025-08-27"", ""period"": ""27 Aug 2025"", ""beta0"": 1.140948, ""beta1"": 0.806391, ""beta2"": -1.45627, ""beta3"": 7.580356, ""tau1"": 2.667856, ""tau2"": 12.836928}"
2025-08-28,1.143739,0.818263,-1.465811,7.487386,2.73346,12.871678,"{""date"": ""2025-08-28"", ""period"": ""28 Aug 2025"", ""beta0"": 1.143739, ""beta1"": 0.818263, ""beta2"": -1.465811, ""beta3"": 7.487386, ""tau1"": 2.73346, ""tau2"": 12.871678}"
2025-08-29,1.142878,0.819256,-1.435768,7.551179,2.732815,12.987223,"{""date"": ""2025-08-29"", ""period"": ""29 Aug 2025"", ""beta0"": 1.142878, ""beta1"": 0.819256, ""beta2"": -1.435768, ""beta3"": 7.551179, ""tau1"": 2.732815, ""tau2"": 12.987223}"
2025-09-01,1.169597,0.803566,-1.467045,7.589717,2.668143,12.846858,"{""date"": ""2025-09-01"", ""period"": ""01 Sep 2025"", ""beta0"": 1.169597, ""beta1"": 0.803566, ""beta2"": -1.467045, ""beta3"": 7.589717, ""tau1"": 2.668143, ""tau2"": 12.846858}"
2025-09-02,1.184179,0.780869,-1.365573,7.66682,2.705239,13.019474,"{""date"": ""2025-09-02"", ""period"": ""02 Sep 2025"", ""beta0"": 1.184179, ""beta1"": 0.780869, ""beta2"": -1.365573, ""beta3"": 7.66682, ""tau1"": 2.705239, ""tau2"": 13.019474}"
2025-09-03,1.182767,0.779823,-1.439882,7.580719,2.718588,12.987219,"{""date"": ""2025-09-03"", ""period"": ""03 Sep 2025"", ""beta0"": 1.182767, ""beta1"": 0.779823, ""beta2"": -1.439882, ""beta3"": 7.580719, ""tau1"": 2.718588, ""tau2"": 12.987219}"
2025-09-04,1.168343,0.791456,-1.558745,7.547626,2.877366,12.757641,"{""date"": ""2025-09-04"", ""period"": ""04 Sep 2025"", ""beta0"": 1.168343, ""beta1"": 0.791456, ""beta2"": -1.558745, ""beta3"": 7.547626, ""tau1"": 2.877366, ""tau2"": 12.757641}"
2025-09-05,1.167426,0.761807,-1.821262,7.664804,3.218451,12.62628,"{""date"": ""2025-09-05"", ""period"": ""05 Sep 2025"", ""beta0"": 1.167426, ""beta1"": 0.761807, ""beta2"": -1.821262, ""beta3"": 7.664804, ""tau1"": 3.218451, ""tau2"": 12.62628}"
2025-09-08,1.198176,0.752225,-2.297018,7.725683,3.438575,11.802636,"{""date"": ""2025-09-08"", ""period"": ""08 Sep 2025"", ""beta0"": 1.198176, ""beta1"": 0.752225, ""beta2"": -2.297018, ""beta3"": 7.725683, ""tau1"": 3.438575, ""tau2"": 11.802636}"
2025-09-09,1.205197,0.740409,-1.677676,7.39418,3.023955,12.832287,"{""date"": ""2025-09-09"", ""period"": ""09 Sep 2025"", ""beta0"": 1.205197, ""beta1"": 0.740409, ""beta2"": -1.677676, ""beta3"": 7.39418, ""tau1"": 3.023955, ""tau2"": 12.832287}"
2025-09-10,1.202277,0.761658,-1.692318,7.386787,3.026223,12.836812,"{""date"": ""2025-09-10"", ""period"": ""10 Sep 2025"", ""beta0"": 1.202277, ""beta1"": 0.761658, ""beta2"": -1.692318, ""beta3"": 7.386787, ""tau1"": 3.026223, ""tau2"": 12.836812}"
2025-09-11,1.204237,0.75691,-1.615143,7.356917,3.268254,12.889797,"{""date"": ""2025-09-11"", ""period"": ""11 Sep 2025"", ""beta0"": 1.204237, ""beta1"": 0.75691, ""beta2"": -1.615143, ""beta3"": 7.356917, ""tau1"": 3.268254, ""tau2"": 12.889797}"
2025-09-12,1.199688,0.744959,-1.462092,7.352704,3.328068,12.832385,"{""date"": ""2025-09-12"", ""period"": ""12 Sep 2025"", ""beta0"": 1.199688, ""beta1"": 0.744959, ""beta2"": -1.462092, ""beta3"": 7.352704, ""tau1"": 3.328068, ""tau2"": 12.832385}"
2025-09-15,1.194697,0.750982,-1.484931,7.34158,3.322536,12.848706,"{""date"": ""2025-09-15"", ""period"": ""15 Sep 2025"", ""beta0"": 1.194697, ""beta1"": 0.750982, ""beta2"": -1.484931, ""beta3"": 7.34158, ""tau1"": 3.322536, ""tau2"": 12.848706}"
2025-09-16,1.190226,0.772804,-1.510362,7.343672,3.311418,12.845352,"{""date"": ""2025-09-16"", ""period"": ""16 Sep 2025"", ""beta0"": 1.190226, ""beta1"": 0.772804, ""beta2"": -1.510362, ""beta3"": 7.343672, ""tau1"": 3.311418, ""tau2"": 12.845352}"
2025-09-17,1.203972,0.747581,-1.13154,6.979307,2.868727,13.349989,"{""date"": ""2025-09-17"", ""period"": ""17 Sep 2025"", ""beta0"": 1.203972, ""beta1"": 0.747581, ""beta2"": -1.13154, ""beta3"": 6.979307, ""tau1"": 2.868727, ""tau2"": 13.349989}"
2025-09-18,1.213035,0.746271,-1.778341,7.497673,3.456473,12.195202,"{""date"": ""2025-09-18"", ""period"": ""18 Sep 2025"", ""beta0"": 1.213035, ""beta1"": 0.746271, ""beta2"": -1.778341, ""beta3"": 7.497673, ""tau1"": 3.456473, ""tau2"": 12.195202}"
2025-09-19,1.202443,0.767881,-1.45466,7.402585,3.145587,12.699912,"{""date"": ""2025-09-19"", ""period"": ""19 Sep 2025"", ""beta0"": 1.202443, ""beta1"": 0.767881, ""beta2"": -1.45466, ""beta3"": 7.402585, ""tau1"": 3.145587, ""tau2"": 12.699912}"
2025-09-22,1.216005,0.753132,-1.682854,7.580662,3.317916,12.473034,"{""date"": ""2025-09-22"", ""period"": ""22 Sep 2025"", ""beta0"": 1.216005, ""beta1"": 0.753132, ""beta2"": -1.682854, ""beta3"": 7.580662, ""tau1"": 3.317916, ""tau2"": 12.473034}"
2025-09-23,1.225964,0.725379,-1.312437,7.334889,3.159605,13.051755,"{""date"": ""2025-09-23"", ""period"": ""23 Sep 2025"", ""beta0"": 1.225964, ""beta1"": 0.725379, ""beta2"": -1.312437, ""beta3"": 7.334889, ""tau1"": 3.159605, ""tau2"": 13.051755}"
2025-09-24,1.227636,0.72547,-1.47226,7.414804,3.224402,12.742848,"{""date"": ""2025-09-24"", ""period"": ""24 Sep 2025"", ""beta0"": 1.227636, ""beta1"": 0.72547, ""beta2"": -1.47226, ""beta3"": 7.414804, ""tau1"": 3.224402, ""tau2"": 12.742848}"
2025-09-25,1.212768,0.737181,-1.360473,7.400741,3.267755,12.696462,"{""date"": ""2025-09-25"", ""period"": ""25 Sep 2025"", ""beta0"": 1.212768, ""beta1"": 0.737181, ""beta2"": -1.360473, ""beta3"": 7.400741, ""tau1"": 3.267755, ""tau2"": 12.696462}"
2025-09-26,1.21302,0.736778,-1.39688,7.367574,3.267523,12.69983,"{""date"": ""2025-09-26"", ""period"": ""26 Sep 2025"", ""beta0"": 1.21302, ""beta1"": 0.736778, ""beta2"": -1.39688, ""beta3"": 7.367574, ""tau1"": 3.267523, ""tau2"": 12.69983}"
2025-09-29,1.214856,0.729283,-1.719724,7.434711,3.67841,12.20876,"{""date"": ""2025-09-29"", ""period"": ""29 Sep 2025"", ""beta0"": 1.214856, ""beta1"": 0.729283, ""beta2"": -1.719724, ""beta3"": 7.434711, ""tau1"": 3.67841, ""tau2"": 12.20876}"
2025-09-30,1.209956,0.738159,-1.441331,7.260888,3.380951,12.732421,"{""date"": ""2025-09-30"", ""period"": ""30 Sep 2025"", ""beta0"": 1.209956, ""beta1"": 0.738159, ""beta2"": -1.441331, ""beta3"": 7.260888, ""tau1"": 3.380951, ""tau2"": 12.732421}"
2025-10-01,1.211405,0.750111,-1.515598,7.283887,3.266952,12.731987,"{""date"": ""2025-10-01"", ""period"": ""01 Oct 2025"", ""beta0"": 1.211405, ""beta1"": 0.750111, ""beta2"": -1.515598, ""beta3"": 7.283887, ""tau1"": 3.266952, ""tau2"": 12.731987}"
2025-10-02,1.228572,0.728064,-1.484783,7.275546,3.361647,12.745995,"{""date"": ""2025-10-02"", ""period"": ""02 Oct 2025"", ""beta0"": 1.228572, ""beta1"": 0.728064, ""beta2"": -1.484783, ""beta3"": 7.275546, ""tau1"": 3.361647, ""tau2"": 12.745995}"
2025-10-03,1.222421,0.727455,-1.569084,7.299037,3.582715,12.677359,"{""date"": ""2025-10-03"", ""period"": ""03 Oct 2025"", ""beta0"": 1.222421, ""beta1"": 0.727455, ""beta2"": -1.569084, ""beta3"": 7.299037, ""tau1"": 3.582715, ""tau2"": 12.677359}"
2025-10-06,1.226707,0.7299,-1.499432,7.296862,3.266773,12.725615,"{""date"": ""2025-10-06"", ""period"": ""06 Oct 2025"", ""beta0"": 1.226707, ""beta1"": 0.7299, ""beta2"": -1.499432, ""beta3"": 7.296862, ""tau1"": 3.266773, ""tau2"": 12.725615}"
2025-10-07,1.204106,0.729808,-1.46594,7.438453,3.395971,12.787939,"{""date"": ""2025-10-07"", ""period"": ""07 Oct 2025"", ""beta0"": 1.204106, ""beta1"": 0.729808, ""beta2"": -1.46594, ""beta3"": 7.438453, ""tau1"": 3.395971, ""tau2"": 12.787939}"
2025-10-08,1.206712,0.740165,-1.631579,7.345125,3.386923,12.580206,"{""date"": ""2025-10-08"", ""period"": ""08 Oct 2025"", ""beta0"": 1.206712, ""beta1"": 0.740165, ""beta2"": -1.631579, ""beta3"": 7.345125, ""tau1"": 3.386923, ""tau2"": 12.580206}"
2025-10-09,1.196917,0.732448,-1.414148,7.303315,3.327729,12.847228,"{""date"": ""2025-10-09"", ""period"": ""09 Oct 2025"", ""beta0"": 1.196917, ""beta1"": 0.732448, ""beta2"": -1.414148, ""beta3"": 7.303315, ""tau1"": 3.327729, ""tau2"": 12.847228}"
2025-10-10,1.187632,0.746162,-1.469681,7.257805,3.325719,12.853225,"{""date"": ""2025-10-10"", ""period"": ""10 Oct 2025"", ""beta0"": 1.187632, ""beta1"": 0.746162, ""beta2"": -1.469681, ""beta3"": 7.257805, ""tau1"": 3.325719, ""tau2"": 12.853225}"
2025-10-13,1.177274,0.74979,-2.314596,7.727716,3.880221,11.612281,"{""date"": ""2025-10-13"", ""period"": ""13 Oct 2025"", ""beta0"": 1.177274, ""beta1"": 0.74979, ""beta2"": -2.314596, ""beta3"": 7.727716, ""tau1"": 3.880221, ""tau2"": 11.612281}"
2025-10-14,1.163436,0.745606,-1.522,7.156852,3.33535,12.867705,"{""date"": ""2025-10-14"", ""period"": ""14 Oct 2025"", ""beta0"": 1.163436, ""beta1"": 0.745606, ""beta2"": -1.522, ""beta3"": 7.156852, ""tau1"": 3.33535, ""tau2"": 12.867705}"
2025-10-15,1.163297,0.746894,-2.420597,7.649221,3.949449,11.533274,"{""date"": ""2025-10-15"", ""period"": ""15 Oct 2025"", ""beta0"": 1.163297, ""beta1"": 0.746894, ""beta2"": -2.420597, ""beta3"": 7.649221, ""tau1"": 3.949449, ""tau2"": 11.533274}"
2025-10-16,1.155153,0.758932,-2.36228,7.686098,3.887458,11.629346,"{""date"": ""2025-10-16"", ""period"": ""16 Oct 2025"", ""beta0"": 1.155153, ""beta1"": 0.758932, ""beta2"": -2.36228, ""beta3"": 7.686098, ""tau1"": 3.887458, ""tau2"": 11.629346}"
2025-10-17,1.138196,0.757721,-2.321632,7.746772,3.95787,11.789682,"{""date"": ""2025-10-17"", ""period"": ""17 Oct 2025"", ""beta0"": 1.138196, ""beta1"": 0.757721, ""beta2"": -2.321632, ""beta3"": 7.746772, ""tau1"": 3.95787, ""tau2"": 11.789682}"
2025-10-20,1.135039,0.752483,-2.29168,7.749735,3.965783,11.773092,"{""date"": ""2025-10-20"", ""period"": ""20 Oct 2025"", ""beta0"": 1.135039, ""beta1"": 0.752483, ""beta2"": -2.29168, ""beta3"": 7.749735, ""tau1"": 3.965783, ""tau2"": 11.773092}"
2025-10-21,1.132003,0.749378,-2.307735,7.640174,4.021952,11.750948,"{""date"": ""2025-10-21"", ""period"": ""21 Oct 2025"", ""beta0"": 1.132003, ""beta1"": 0.749378, ""beta2"": -2.307735, ""beta3"": 7.640174, ""tau1"": 4.021952, ""tau2"": 11.750948}"
2025-10-22,1.133989,0.764875,-2.298413,7.646478,3.9499,11.715217,"{""date"": ""2025-10-22"", ""period"": ""22 Oct 2025"", ""beta0"": 1.133989, ""beta1"": 0.764875, ""beta2"": -2.298413, ""beta3"": 7.646478, ""tau1"": 3.9499, ""tau2"": 11.715217}"
2025-10-23,1.128326,0.774661,-2.296025,7.721684,3.977482,11.767271,"{""date"": ""2025-10-23"", ""period"": ""23 Oct 2025"", ""beta0"": 1.128326, ""beta1"": 0.774661, ""beta2"": -2.296025, ""beta3"": 7.721684, ""tau1"": 3.977482, ""tau2"": 11.767271}"
2025-10-24,1.150519,0.765588,-1.713841,7.415488,3.693951,12.49864,"{""date"": ""2025-10-24"", ""period"": ""24 Oct 2025"", ""beta0"": 1.150519, ""beta1"": 0.765588, ""beta2"": -1.713841, ""beta3"": 7.415488, ""tau1"": 3.693951, ""tau2"": 12.49864}"
2025-10-27,1.143571,0.773191,-1.739598,7.42713,3.771685,12.474991,"{""date"": ""2025-10-27"", ""period"": ""27 Oct 2025"", ""beta0"": 1.143571, ""beta1"": 0.773191, ""beta2"": -1.739598, ""beta3"": 7.42713, ""tau1"": 3.771685, ""tau2"": 12.474991}"
2025-10-28,1.134106,0.782261,-1.737754,7.421939,3.770724,12.470189,"{""date"": ""2025-10-28"", ""period"": ""28 Oct 2025"", ""beta0"": 1.134106, ""beta1"": 0.782261, ""beta2"": -1.737754, ""beta3"": 7.421939, ""tau1"": 3.770724, ""tau2"": 12.470189}"
2025-10-29,1.13302,0.77562,-1.690292,7.411754,3.702686,12.487307,"{""date"": ""2025-10-29"", ""period"": ""29 Oct 2025"", ""beta0"": 1.13302, ""beta1"": 0.77562, ""beta2"": -1.690292, ""beta3"": 7.411754, ""tau1"": 3.702686, ""tau2"": 12.487307}"
2025-10-30,1.140435,0.776937,-1.409914,7.227076,3.553808,12.857962,"{""date"": ""2025-10-30"", ""period"": ""30 Oct 2025"", ""beta0"": 1.140435, ""beta1"": 0.776937, ""beta2"": -1.409914, ""beta3"": 7.227076, ""tau1"": 3.553808, ""tau2"": 12.857962}"
2025-10-31,1.130176,0.777938,-1.359514,7.288729,3.378137,13.001584,"{""date"": ""2025-10-31"", ""period"": ""31 Oct 2025"", ""beta0"": 1.130176, ""beta1"": 0.777938, ""beta2"": -1.359514, ""beta3"": 7.288729, ""tau1"": 3.378137, ""tau2"": 13.001584}"
2025-11-03,1.108662,0.788519,-1.066529,7.250028,3.249984,13.626368,"{""date"": ""2025-11-03"", ""period"": ""03 Nov 2025"", ""beta0"": 1.108662, ""beta1"": 0.788519, ""beta2"": -1.066529, ""beta3"": 7.250028, ""tau1"": 3.249984, ""tau2"": 13.626368}"
2025-11-04,1.116691,0.780273,-1.100041,7.256156,3.241089,13.632654,"{""date"": ""2025-11-04"", ""period"": ""04 Nov 2025"", ""beta0"": 1.116691, ""beta1"": 0.780273, ""beta2"": -1.100041, ""beta3"": 7.256156, ""tau1"": 3.241089, ""tau2"": 13.632654}"
2025-11-05,1.111052,0.774526,-1.181528,7.330976,3.362555,13.332126,"{""date"": ""2025-11-05"", ""period"": ""05 Nov 2025"", ""beta0"": 1.111052, ""beta1"": 0.774526, ""beta2"": -1.181528, ""beta3"": 7.330976, ""tau1"": 3.362555, ""tau2"": 13.332126}"
2025-11-06,1.11908,0.784827,-1.088677,7.258089,3.244697,13.623221,"{""date"": ""2025-11-06"", ""period"": ""06 Nov 2025"", ""beta0"": 1.11908, ""beta1"": 0.784827, ""beta2"": -1.088677, ""beta3"": 7.258089, ""tau1"": 3.244697, ""tau2"": 13.623221}"
2025-11-07,1.123331,0.795765,-1.78137,7.751808,3.888466,12.584449,"{""date"": ""2025-11-07"", ""period"": ""07 Nov 2025"", ""beta0"": 1.123331, ""beta1"": 0.795765, ""beta2"": -1.78137, ""beta3"": 7.751808, ""tau1"": 3.888466, ""tau2"": 12.584449}"
2025-11-10,1.134436,0.797606,-1.302453,7.366788,3.321093,13.254164,"{""date"": ""2025-11-10"", ""period"": ""10 Nov 2025"", ""beta0"": 1.134436, ""beta1"": 0.797606, ""beta2"": -1.302453, ""beta3"": 7.366788, ""tau1"": 3.321093, ""tau2"": 13.254164}"
2025-11-11,1.139079,0.794637,-1.098646,7.203981,3.107783,13.656261,"{""date"": ""2025-11-11"", ""period"": ""11 Nov 2025"", ""beta0"": 1.139079, ""beta1"": 0.794637, ""beta2"": -1.098646, ""beta3"": 7.203981, ""tau1"": 3.107783, ""tau2"": 13.656261}"
2025-11-12,1.133456,0.802151,-1.653339,7.493099,3.781426,12.765153,"{""date"": ""2025-11-12"", ""period"": ""12 Nov 2025"", ""beta0"": 1.133456, ""beta1"": 0.802151, ""beta2"": -1.653339, ""beta3"": 7.493099, ""tau1"": 3.781426, ""tau2"": 12.765153}"
2025-11-13,1.119913,0.785978,-1.407938,7.519746,3.953905,13.239443,"{""date"": ""2025-11-13"", ""period"": ""13 Nov 2025"", ""beta0"": 1.119913, ""beta1"": 0.785978, ""beta2"": -1.407938, ""beta3"": 7.519746, ""tau1"": 3.953905, ""tau2"": 13.239443}"
2025-11-14,1.108359,0.777778,-0.83835,7.370823,3.214505,14.078389,"{""date"": ""2025-11-14"", ""period"": ""14 Nov 2025"", ""beta0"": 1.108359, ""beta1"": 0.777778, ""beta2"": -0.83835, ""beta3"": 7.370823, ""tau1"": 3.214505, ""tau2"": 14.078389}"
2025-11-17,1.119843,0.789117,-0.873929,7.378519,3.206707,14.084256,"{""date"": ""2025-11-17"", ""period"": ""17 Nov 2025"", ""beta0"": 1.119843, ""beta1"": 0.789117, ""beta2"": -0.873929, ""beta3"": 7.378519, ""tau1"": 3.206707, ""tau2"": 14.084256}"
2025-11-18,1.131105,0.787533,-1.465956,7.616815,3.62067,13.073272,"{""date"": ""2025-11-18"", ""period"": ""18 Nov 2025"", ""beta0"": 1.131105, ""beta1"": 0.787533, ""beta2"": -1.465956, ""beta3"": 7.616815, ""tau1"": 3.62067, ""tau2"": 13.073272}"
2025-11-19,1.150347,0.805645,-1.632309,7.669577,3.558226,12.77251,"{""date"": ""2025-11-19"", ""period"": ""19 Nov 2025"", ""beta0"": 1.150347, ""beta1"": 0.805645, ""beta2"": -1.632309, ""beta3"": 7.669577, ""tau1"": 3.558226, ""tau2"": 12.77251}"
2025-11-20,1.161887,0.801649,-2.34166,8.270782,4.165465,11.959328,"{""date"": ""2025-11-20"", ""period"": ""20 Nov 2025"", ""beta0"": 1.161887, ""beta1"": 0.801649, ""beta2"": -2.34166, ""beta3"": 8.270782, ""tau1"": 4.165465, ""tau2"": 11.959328}"
2025-11-21,1.153408,0.806298,-1.562205,7.659695,3.363827,12.998535,"{""date"": ""2025-11-21"", ""period"": ""21 Nov 2025"", ""beta0"": 1.153408, ""beta1"": 0.806298, ""beta2"": -1.562205, ""beta3"": 7.659695, ""tau1"": 3.363827, ""tau2"": 12.998535}"
2025-11-24,1.149867,0.786095,-2.374129,8.29383,4.404205,12.042068,"{""date"": ""2025-11-24"", ""period"": ""24 Nov 2025"", ""beta0"": 1.149867, ""beta1"": 0.786095, ""beta2"": -2.374129, ""beta3"": 8.29383, ""tau1"": 4.404205, ""tau2"": 12.042068}"
2025-11-25,1.150176,0.789637,-1.592234,7.649806,3.830052,13.235184,"{""date"": ""2025-11-25"", ""period"": ""25 Nov 2025"", ""beta0"": 1.150176, ""beta1"": 0.789637, ""beta2"": -1.592234, ""beta3"": 7.649806, ""tau1"": 3.830052, ""tau2"": 13.235184}"
2025-11-26,1.166481,0.77672,-1.606377,7.660334,3.823772,13.242881,"{""date"": ""2025-11-26"", ""period"": ""26 Nov 2025"", ""beta0"": 1.166481, ""beta1"": 0.77672, ""beta2"": -1.606377, ""beta3"": 7.660334, ""tau1"": 3.823772, ""tau2"": 13.242881}"
2025-11-27,1.163635,0.786675,-1.613327,7.65508,3.825998,13.245956,"{""date"": ""2025-11-27"", ""period"": ""27 Nov 2025"", ""beta0"": 1.163635, ""beta1"": 0.786675, ""beta2"": -1.613327, ""beta3"": 7.65508, ""tau1"": 3.825998, ""tau2"": 13.245956}"
2025-11-28,1.167814,0.789604,-1.600416,7.65565,3.82853,13.240297,"{""date"": ""2025-11-28"", ""period"": ""28 Nov 2025"", ""beta0"": 1.167814, ""beta1"": 0.789604, ""beta2"": -1.600416, ""beta3"": 7.65565, ""tau1"": 3.82853, ""tau2"": 13.240297}"
2025-12-01,1.217225,0.75448,-1.547599,7.703592,3.712703,13.166183,"{""date"": ""2025-12-01"", ""period"": ""01 Dec 2025"", ""beta0"": 1.217225, ""beta1"": 0.75448, ""beta2"": -1.547599, ""beta3"": 7.703592, ""tau1"": 3.712703, ""tau2"": 13.166183}"
2025-12-02,1.222308,0.740546,-0.385315,7.233231,2.05083,15.366703,"{""date"": ""2025-12-02"", ""period"": ""02 Dec 2025"", ""beta0"": 1.222308, ""beta1"": 0.740546, ""beta2"": -0.385315, ""beta3"": 7.233231, ""tau1"": 2.05083, ""tau2"": 15.366703}"
2025-12-03,1.215,0.743085,-1.034523,7.41537,3.164005,14.19818,"{""date"": ""2025-12-03"", ""period"": ""03 Dec 2025"", ""beta0"": 1.215, ""beta1"": 0.743085, ""beta2"": -1.034523, ""beta3"": 7.41537, ""tau1"": 3.164005, ""tau2"": 14.19818}"
2025-12-04,1.221217,0.743777,-0.975541,7.41046,3.181209,14.180324,"{""date"": ""2025-12-04"", ""period"": ""04 Dec 2025"", ""beta0"": 1.221217, ""beta1"": 0.743777, ""beta2"": -0.975541, ""beta3"": 7.41046, ""tau1"": 3.181209, ""tau2"": 14.180324}"
2025-12-05,1.227716,0.744296,-0.488319,7.324795,2.35695,15.125037,"{""date"": ""2025-12-05"", ""period"": ""05 Dec 2025"", ""beta0"": 1.227716, ""beta1"": 0.744296, ""beta2"": -0.488319, ""beta3"": 7.324795, ""tau1"": 2.35695, ""tau2"": 15.125037}"
2025-12-08,1.189109,0.749238,-0.495034,7.543218,3.241754,14.770031,"{""date"": ""2025-12-08"", ""period"": ""08 Dec 2025"", ""beta0"": 1.189109, ""beta1"": 0.749238, ""beta2"": -0.495034, ""beta3"": 7.543218, ""tau1"": 3.241754, ""tau2"": 14.770031}"
2025-12-09,1.188452,0.763561,-0.528544,7.544327,3.230972,14.772251,"{""date"": ""2025-12-09"", ""period"": ""09 Dec 2025"", ""beta0"": 1.188452, ""beta1"": 0.763561, ""beta2"": -0.528544, ""beta3"": 7.544327, ""tau1"": 3.230972, ""tau2"": 14.772251}"
2025-12-10,1.172584,0.763147,-0.38674,7.533944,3.429965,14.997863,"{""date"": ""2025-12-10"", ""period"": ""10 Dec 2025"", ""beta0"": 1.172584, ""beta1"": 0.763147, ""beta2"": -0.38674, ""beta3"": 7.533944, ""tau1"": 3.429965, ""tau2"": 14.997863}"
2025-12-11,1.177888,0.767736,-0.628783,7.554503,3.679945,14.614707,"{""date"": ""2025-12-11"", ""period"": ""11 Dec 2025"", ""beta0"": 1.177888, ""beta1"": 0.767736, ""beta2"": -0.628783, ""beta3"": 7.554503, ""tau1"": 3.679945, ""tau2"": 14.614707}"
2025-12-12,1.187728,0.748188,-0.727106,7.70436,3.901659,14.454715,"{""date"": ""2025-12-12"", ""period"": ""12 Dec 2025"", ""beta0"": 1.187728, ""beta1"": 0.748188, ""beta2"": -0.727106, ""beta3"": 7.70436, ""tau1"": 3.901659, ""tau2"": 14.454715}"
2025-12-15,1.192004,0.751712,-0.675637,7.564334,3.663547,14.621366,"{""date"": ""2025-12-15"", ""period"": ""15 Dec 2025"", ""beta0"": 1.192004, ""beta1"": 0.751712, ""beta2"": -0.675637, ""beta3"": 7.564334, ""tau1"": 3.663547, ""tau2"": 14.621366}"
2025-12-16,1.187892,0.737518,-0.749395,7.705227,3.889595,14.452475,"{""date"": ""2025-12-16"", ""period"": ""16 Dec 2025"", ""beta0"": 1.187892, ""beta1"": 0.737518, ""beta2"": -0.749395, ""beta3"": 7.705227, ""tau1"": 3.889595, ""tau2"": 14.452475}"
2025-12-17,1.18672,0.741528,-0.681848,7.67155,3.486194,14.382561,"{""date"": ""2025-12-17"", ""period"": ""17 Dec 2025"", ""beta0"": 1.18672, ""beta1"": 0.741528, ""beta2"": -0.681848, ""beta3"": 7.67155, ""tau1"": 3.486194, ""tau2"": 14.382561}"
2025-12-18,1.194214,0.750841,0.183971,7.600841,1.382351,15.308368,"{""date"": ""2025-12-18"", ""period"": ""18 Dec 2025"", ""beta0"": 1.194214, ""beta1"": 0.750841, ""beta2"": 0.183971, ""beta3"": 7.600841, ""tau1"": 1.382351, ""tau2"": 15.308368}"
2025-12-19,1.197112,0.748625,-0.320624,7.72653,2.706849,15.159073,"{""date"": ""2025-12-19"", ""period"": ""19 Dec 2025"", ""beta0"": 1.197112, ""beta1"": 0.748625, ""beta2"": -0.320624, ""beta3"": 7.72653, ""tau1"": 2.706849, ""tau2"": 15.159073}"
2025-12-22,1.167643,0.767131,0.12016,7.787119,1.678331,15.072587,"{""date"": ""2025-12-22"", ""period"": ""22 Dec 2025"", ""beta0"": 1.167643, ""beta1"": 0.767131, ""beta2"": 0.12016, ""beta3"": 7.787119, ""tau1"": 1.678331, ""tau2"": 15.072587}"
2025-12-23,1.172043,0.774674,-0.21447,7.629947,2.538694,15.097715,"{""date"": ""2025-12-23"", ""period"": ""23 Dec 2025"", ""beta0"": 1.172043, ""beta1"": 0.774674, ""beta2"": -0.21447, ""beta3"": 7.629947, ""tau1"": 2.538694, ""tau2"": 15.097715}"
2025-12-24,1.158497,0.80084,-0.299334,7.676549,2.624638,14.867455,"{""date"": ""2025-12-24"", ""period"": ""24 Dec 2025"", ""beta0"": 1.158497, ""beta1"": 0.80084, ""beta2"": -0.299334, ""beta3"": 7.676549, ""tau1"": 2.624638, ""tau2"": 14.867455}"
2025-12-29,1.159508,0.804617,0.355847,7.614032,1.06313,15.132234,"{""date"": ""2025-12-29"", ""period"": ""29 Dec 2025"", ""beta0"": 1.159508, ""beta1"": 0.804617, ""beta2"": 0.355847, ""beta3"": 7.614032, ""tau1"": 1.06313, ""tau2"": 15.132234}"
2025-12-30,1.158275,0.78172,-0.327943,7.666953,2.627883,14.882122,"{""date"": ""2025-12-30"", ""period"": ""30 Dec 2025"", ""beta0"": 1.158275, ""beta1"": 0.78172, ""beta2"": -0.327943, ""beta3"": 7.666953, ""tau1"": 2.627883, ""tau2"": 14.882122}"
2025-12-31,1.167207,0.805906,-0.392412,7.667819,2.595455,14.88044,"{""date"": ""2025-12-31"", ""period"": ""31 Dec 2025"", ""beta0"": 1.167207, ""beta1"": 0.805906, ""beta2"": -0.392412, ""beta3"": 7.667819, ""tau1"": 2.595455, ""tau2"": 14.88044}"
2026-01-02,1.162632,0.78678,-0.286795,7.755083,2.472803,14.888612,"{""date"": ""2026-01-02"", ""period"": ""02 Jan 2026"", ""beta0"": 1.162632, ""beta1"": 0.78678, ""beta2"": -0.286795, ""beta3"": 7.755083, ""tau1"": 2.472803, ""tau2"": 14.888612}"
2026-01-05,1.157639,0.786912,-1.082019,8.063424,4.130156,13.931538,"{""date"": ""2026-01-05"", ""period"": ""05 Jan 2026"", ""beta0"": 1.157639, ""beta1"": 0.786912, ""beta2"": -1.082019, ""beta3"": 8.063424, ""tau1"": 4.130156, ""tau2"": 13.931538}"
2026-01-06,1.17053,0.79179,-0.461657,7.639453,2.567571,14.885919,"{""date"": ""2026-01-06"", ""period"": ""06 Jan 2026"", ""beta0"": 1.17053, ""beta1"": 0.79179, ""beta2"": -0.461657, ""beta3"": 7.639453, ""tau1"": 2.567571, ""tau2"": 14.885919}"
2026-01-07,1.171897,0.796717,-0.520543,7.596257,2.551266,14.892976,"{""date"": ""2026-01-07"", ""period"": ""07 Jan 2026"", ""beta0"": 1.171897, ""beta1"": 0.796717, ""beta2"": -0.520543, ""beta3"": 7.596257, ""tau1"": 2.551266, ""tau2"": 14.892976}"
2026-01-08,1.164059,0.789342,-0.439196,7.634273,2.575539,14.879826,"{""date"": ""2026-01-08"", ""period"": ""08 Jan 2026"", ""beta0"": 1.164059, ""beta1"": 0.789342, ""beta2"": -0.439196, ""beta3"": 7.634273, ""tau1"": 2.575539, ""tau2"": 14.879826}"
2026-01-09,1.178814,0.790413,-1.322248,8.035263,3.894153,13.610309,"{""date"": ""2026-01-09"", ""period"": ""09 Jan 2026"", ""beta0"": 1.178814, ""beta1"": 0.790413, ""beta2"": -1.322248, ""beta3"": 8.035263, ""tau1"": 3.894153, ""tau2"": 13.610309}"
2026-01-12,1.152039,0.828651,-0.489082,7.568932,2.568199,14.889392,"{""date"": ""2026-01-12"", ""period"": ""12 Jan 2026"", ""beta0"": 1.152039, ""beta1"": 0.828651, ""beta2"": -0.489082, ""beta3"": 7.568932, ""tau1"": 2.568199, ""tau2"": 14.889392}"
2026-01-13,1.162686,0.826378,-0.248694,7.594975,2.02093,15.274082,"{""date"": ""2026-01-13"", ""period"": ""13 Jan 2026"", ""beta0"": 1.162686, ""beta1"": 0.826378, ""beta2"": -0.248694, ""beta3"": 7.594975, ""tau1"": 2.02093, ""tau2"": 15.274082}"
2026-01-14,1.162366,0.824498,-0.084164,7.532628,1.6493,15.539031,"{""date"": ""2026-01-14"", ""period"": ""14 Jan 2026"", ""beta0"": 1.162366, ""beta1"": 0.824498, ""beta2"": -0.084164, ""beta3"": 7.532628, ""tau1"": 1.6493, ""tau2"": 15.539031}"
2026-01-15,1.16318,0.82246,0.002848,7.383186,1.567362,15.355163,"{""date"": ""2026-01-15"", ""period"": ""15 Jan 2026"", ""beta0"": 1.16318, ""beta1"": 0.82246, ""beta2"": 0.002848, ""beta3"": 7.383186, ""tau1"": 1.567362, ""tau2"": 15.355163}"
2026-01-16,1.183415,0.793043,0.04088,7.390063,1.58757,15.34724,"{""date"": ""2026-01-16"", ""period"": ""16 Jan 2026"", ""beta0"": 1.183415, ""beta1"": 0.793043, ""beta2"": 0.04088, ""beta3"": 7.390063, ""tau1"": 1.58757, ""tau2"": 15.34724}"
2026-01-19,1.187783,0.807373,-0.291125,7.45144,1.907876,15.159114,"{""date"": ""2026-01-19"", ""period"": ""19 Jan 2026"", ""beta0"": 1.187783, ""beta1"": 0.807373, ""beta2"": -0.291125, ""beta3"": 7.45144, ""tau1"": 1.907876, ""tau2"": 15.159114}"
2026-01-20,1.186579,0.793278,-0.078001,7.653976,1.464022,15.319129,"{""date"": ""2026-01-20"", ""period"": ""20 Jan 2026"", ""beta0"": 1.186579, ""beta1"": 0.793278, ""beta2"": -0.078001, ""beta3"": 7.653976, ""tau1"": 1.464022, ""tau2"": 15.319129}"
2026-01-21,1.192377,0.77556,-0.06996,7.655215,1.465454,15.310734,"{""date"": ""2026-01-21"", ""period"": ""21 Jan 2026"", ""beta0"": 1.192377, ""beta1"": 0.77556, ""beta2"": -0.06996, ""beta3"": 7.655215, ""tau1"": 1.465454, ""tau2"": 15.310734}"
2026-01-22,1.194943,0.786607,0.003339,7.590722,1.504527,15.314726,"{""date"": ""2026-01-22"", ""period"": ""22 Jan 2026"", ""beta0"": 1.194943, ""beta1"": 0.786607, ""beta2"": 0.003339, ""beta3"": 7.590722, ""tau1"": 1.504527, ""tau2"": 15.314726}"
2026-01-23,1.190246,0.773426,0.090568,7.636522,1.558354,15.470363,"{""date"": ""2026-01-23"", ""period"": ""23 Jan 2026"", ""beta0"": 1.190246, ""beta1"": 0.773426, ""beta2"": 0.090568, ""beta3"": 7.636522, ""tau1"": 1.558354, ""tau2"": 15.470363}"
2026-01-26,1.201786,0.775376,0.076973,7.509987,1.439793,15.524957,"{""date"": ""2026-01-26"", ""period"": ""26 Jan 2026"", ""beta0"": 1.201786, ""beta1"": 0.775376, ""beta2"": 0.076973, ""beta3"": 7.509987, ""tau1"": 1.439793, ""tau2"": 15.524957}"
2026-01-27,1.210292,0.775953,0.03238,7.527644,1.417111,15.530257,"{""date"": ""2026-01-27"", ""period"": ""27 Jan 2026"", ""beta0"": 1.210292, ""beta1"": 0.775953, ""beta2"": 0.03238, ""beta3"": 7.527644, ""tau1"": 1.417111, ""tau2"": 15.530257}"
2026-01-28,1.214581,0.764372,-0.0345,7.533478,1.380421,15.548828,"{""date"": ""2026-01-28"", ""period"": ""28 Jan 2026"", ""beta0"": 1.214581, ""beta1"": 0.764372, ""beta2"": -0.0345, ""beta3"": 7.533478, ""tau1"": 1.380421, ""tau2"": 15.548828}"
2026-01-29,1.185696,0.749607,-0.096652,7.659662,1.665456,15.973542,"{""date"": ""2026-01-29"", ""period"": ""29 Jan 2026"", ""beta0"": 1.185696, ""beta1"": 0.749607, ""beta2"": -0.096652, ""beta3"": 7.659662, ""tau1"": 1.665456, ""tau2"": 15.973542}"
2026-01-30,1.209071,0.768213,-0.3282,7.60495,1.954923,15.628045,"{""date"": ""2026-01-30"", ""period"": ""30 Jan 2026"", ""beta0"": 1.209071, ""beta1"": 0.768213, ""beta2"": -0.3282, ""beta3"": 7.60495, ""tau1"": 1.954923, ""tau2"": 15.628045}"
2026-02-02,1.203998,0.767428,-0.007066,7.646002,1.463383,15.882149,"{""date"": ""2026-02-02"", ""period"": ""02 Feb 2026"", ""beta0"": 1.203998, ""beta1"": 0.767428, ""beta2"": -0.007066, ""beta3"": 7.646002, ""tau1"": 1.463383, ""tau2"": 15.882149}"
2026-02-03,1.236882,0.741917,-0.012279,7.662469,1.460643,15.876507,"{""date"": ""2026-02-03"", ""period"": ""03 Feb 2026"", ""beta0"": 1.236882, ""beta1"": 0.741917, ""beta2"": -0.012279, ""beta3"": 7.662469, ""tau1"": 1.460643, ""tau2"": 15.876507}"
2026-02-04,1.214235,0.747853,-0.317637,7.745559,2.087444,15.843154,"{""date"": ""2026-02-04"", ""period"": ""04 Feb 2026"", ""beta0"": 1.214235, ""beta1"": 0.747853, ""beta2"": -0.317637, ""beta3"": 7.745559, ""tau1"": 2.087444, ""tau2"": 15.843154}"
2026-02-05,1.214905,0.740398,0.194363,7.696605,1.108313,15.988247,"{""date"": ""2026-02-05"", ""period"": ""05 Feb 2026"", ""beta0"": 1.214905, ""beta1"": 0.740398, ""beta2"": 0.194363, ""beta3"": 7.696605, ""tau1"": 1.108313, ""tau2"": 15.988247}"
2026-02-06,1.220836,0.763925,-0.168767,7.638694,1.571804,16.044019,"{""date"": ""2026-02-06"", ""period"": ""06 Feb 2026"", ""beta0"": 1.220836, ""beta1"": 0.763925, ""beta2"": -0.168767, ""beta3"": 7.638694, ""tau1"": 1.571804, ""tau2"": 16.044019}"
2026-02-09,1.209667,0.78027,0.109056,7.765377,1.059154,16.277178,"{""date"": ""2026-02-09"", ""period"": ""09 Feb 2026"", ""beta0"": 1.209667, ""beta1"": 0.78027, ""beta2"": 0.109056, ""beta3"": 7.765377, ""tau1"": 1.059154, ""tau2"": 16.277178}"
2026-02-10,1.206383,0.758554,-0.78993,7.683001,2.763782,15.233075,"{""date"": ""2026-02-10"", ""period"": ""10 Feb 2026"", ""beta0"": 1.206383, ""beta1"": 0.758554, ""beta2"": -0.78993, ""beta3"": 7.683001, ""tau1"": 2.763782, ""tau2"": 15.233075}"
2026-02-11,1.227897,0.757922,-0.558554,7.542996,2.294901,15.729194,"{""date"": ""2026-02-11"", ""period"": ""11 Feb 2026"", ""beta0"": 1.227897, ""beta1"": 0.757922, ""beta2"": -0.558554, ""beta3"": 7.542996, ""tau1"": 2.294901, ""tau2"": 15.729194}"
2026-02-12,1.234089,0.766116,-0.368559,7.415503,1.873352,16.196763,"{""date"": ""2026-02-12"", ""period"": ""12 Feb 2026"", ""beta0"": 1.234089, ""beta1"": 0.766116, ""beta2"": -0.368559, ""beta3"": 7.415503, ""tau1"": 1.873352, ""tau2"": 16.196763}"
2026-02-13,1.236092,0.772212,-0.479927,7.317983,1.871095,16.173717,"{""date"": ""2026-02-13"", ""period"": ""13 Feb 2026"", ""beta0"": 1.236092, ""beta1"": 0.772212, ""beta2"": -0.479927, ""beta3"": 7.317983, ""tau1"": 1.871095, ""tau2"": 16.173717}"
2026-02-16,1.239403,0.774188,-0.47248,7.319136,1.877652,16.174992,"{""date"": ""2026-02-16"", ""period"": ""16 Feb 2026"", ""beta0"": 1.239403, ""beta1"": 0.774188, ""beta2"": -0.47248, ""beta3"": 7.319136, ""tau1"": 1.877652, ""tau2"": 16.174992}"
2026-02-17,1.237254,0.774618,-0.797365,7.312192,2.408161,15.479402,"{""date"": ""2026-02-17"", ""period"": ""17 Feb 2026"", ""beta0"": 1.237254, ""beta1"": 0.774618, ""beta2"": -0.797365, ""beta3"": 7.312192, ""tau1"": 2.408161, ""tau2"": 15.479402}"
2026-02-18,1.223819,0.774692,-0.567212,7.330684,2.21761,15.992385,"{""date"": ""2026-02-18"", ""period"": ""18 Feb 2026"", ""beta0"": 1.223819, ""beta1"": 0.774692, ""beta2"": -0.567212, ""beta3"": 7.330684, ""tau1"": 2.21761, ""tau2"": 15.992385}"
2026-02-19,1.222297,0.774608,-0.441268,7.335557,2.038349,16.23367,"{""date"": ""2026-02-19"", ""period"": ""19 Feb 2026"", ""beta0"": 1.222297, ""beta1"": 0.774608, ""beta2"": -0.441268, ""beta3"": 7.335557, ""tau1"": 2.038349, ""tau2"": 16.23367}"
2026-02-20,1.198214,0.769856,-0.465292,7.298828,2.267464,15.982882,"{""date"": ""2026-02-20"", ""period"": ""20 Feb 2026"", ""beta0"": 1.198214, ""beta1"": 0.769856, ""beta2"": -0.465292, ""beta3"": 7.298828, ""tau1"": 2.267464, ""tau2"": 15.982882}"
2026-02-23,1.20914,0.774921,-0.818974,7.387918,2.722099,15.519603,"{""date"": ""2026-02-23"", ""period"": ""23 Feb 2026"", ""beta0"": 1.20914, ""beta1"": 0.774921, ""beta2"": -0.818974, ""beta3"": 7.387918, ""tau1"": 2.722099, ""tau2"": 15.519603}"
2026-02-24,1.204219,0.789803,-0.842494,7.353362,2.729212,15.527057,"{""date"": ""2026-02-24"", ""period"": ""24 Feb 2026"", ""beta0"": 1.204219, ""beta1"": 0.789803, ""beta2"": -0.842494, ""beta3"": 7.353362, ""tau1"": 2.729212, ""tau2"": 15.527057}"
2026-02-25,1.209443,0.791458,-0.860736,7.35933,2.72733,15.531218,"{""date"": ""2026-02-25"", ""period"": ""25 Feb 2026"", ""beta0"": 1.209443, ""beta1"": 0.791458, ""beta2"": -0.860736, ""beta3"": 7.35933, ""tau1"": 2.72733, ""tau2"": 15.531218}"
2026-02-26,1.18995,0.776282,-0.65382,7.321428,2.708616,16.29251,"{""date"": ""2026-02-26"", ""period"": ""26 Feb 2026"", ""beta0"": 1.18995, ""beta1"": 0.776282, ""beta2"": -0.65382, ""beta3"": 7.321428, ""tau1"": 2.708616, ""tau2"": 16.29251}"
2026-02-27,1.193964,0.781121,-0.987155,7.373498,2.966814,15.630462,"{""date"": ""2026-02-27"", ""period"": ""27 Feb 2026"", ""beta0"": 1.193964, ""beta1"": 0.781121, ""beta2"": -0.987155, ""beta3"": 7.373498, ""tau1"": 2.966814, ""tau2"": 15.630462}"
2026-03-02,1.197315,0.79394,-0.959079,7.428015,3.272577,15.635874,"{""date"": ""2026-03-02"", ""period"": ""02 Mar 2026"", ""beta0"": 1.197315, ""beta1"": 0.79394, ""beta2"": -0.959079, ""beta3"": 7.428015, ""tau1"": 3.272577, ""tau2"": 15.635874}"
2026-03-03,1.220828,0.785172,-0.768431,7.426539,4.123751,16.029333,"{""date"": ""2026-03-03"", ""period"": ""03 Mar 2026"", ""beta0"": 1.220828, ""beta1"": 0.785172, ""beta2"": -0.768431, ""beta3"": 7.426539, ""tau1"": 4.123751, ""tau2"": 16.029333}"
2026-03-04,1.221678,0.784244,-0.882337,7.464127,3.759556,15.776644,"{""date"": ""2026-03-04"", ""period"": ""04 Mar 2026"", ""beta0"": 1.221678, ""beta1"": 0.784244, ""beta2"": -0.882337, ""beta3"": 7.464127, ""tau1"": 3.759556, ""tau2"": 15.776644}"
2026-03-05,1.230734,0.798051,-1.171657,7.637499,4.750658,14.768778,"{""date"": ""2026-03-05"", ""period"": ""05 Mar 2026"", ""beta0"": 1.230734, ""beta1"": 0.798051, ""beta2"": -1.171657, ""beta3"": 7.637499, ""tau1"": 4.750658, ""tau2"": 14.768778}"
2026-03-06,1.23451,0.807606,-0.686405,7.248111,5.184306,15.810634,"{""date"": ""2026-03-06"", ""period"": ""06 Mar 2026"", ""beta0"": 1.23451, ""beta1"": 0.807606, ""beta2"": -0.686405, ""beta3"": 7.248111, ""tau1"": 5.184306, ""tau2"": 15.810634}"
2026-03-09,1.250336,0.817814,-1.405607,7.718966,6.571102,15.028947,"{""date"": ""2026-03-09"", ""period"": ""09 Mar 2026"", ""beta0"": 1.250336, ""beta1"": 0.817814, ""beta2"": -1.405607, ""beta3"": 7.718966, ""tau1"": 6.571102, ""tau2"": 15.028947}"
2026-03-10,1.222278,0.779838,-1.078394,7.595949,5.242868,14.938851,"{""date"": ""2026-03-10"", ""period"": ""10 Mar 2026"", ""beta0"": 1.222278, ""beta1"": 0.779838, ""beta2"": -1.078394, ""beta3"": 7.595949, ""tau1"": 5.242868, ""tau2"": 14.938851}"
2026-03-11,1.151209,0.692203,1.423915,7.550979,0.938825,15.157408,"{""date"": ""2026-03-11"", ""period"": ""11 Mar 2026"", ""beta0"": 1.151209, ""beta1"": 0.692203, ""beta2"": 1.423915, ""beta3"": 7.550979, ""tau1"": 0.938825, ""tau2"": 15.157408}"
2026-03-12,1.150576,0.673455,1.635316,7.588688,0.857155,14.89086,"{""date"": ""2026-03-12"", ""period"": ""12 Mar 2026"", ""beta0"": 1.150576, ""beta1"": 0.673455, ""beta2"": 1.635316, ""beta3"": 7.588688, ""tau1"": 0.857155, ""tau2"": 14.89086}"
2026-03-13,1.169862,0.677666,1.555394,7.566754,0.914655,15.009998,"{""date"": ""2026-03-13"", ""period"": ""13 Mar 2026"", ""beta0"": 1.169862, ""beta1"": 0.677666, ""beta2"": 1.555394, ""beta3"": 7.566754, ""tau1"": 0.914655, ""tau2"": 15.009998}"
2026-03-16,1.152278,0.651357,1.610438,7.586499,0.882125,15.089097,"{""date"": ""2026-03-16"", ""period"": ""16 Mar 2026"", ""beta0"": 1.152278, ""beta1"": 0.651357, ""beta2"": 1.610438, ""beta3"": 7.586499, ""tau1"": 0.882125, ""tau2"": 15.089097}"
2026-03-17,1.146678,0.650572,1.636343,7.516546,0.863179,15.070858,"{""date"": ""2026-03-17"", ""period"": ""17 Mar 2026"", ""beta0"": 1.146678, ""beta1"": 0.650572, ""beta2"": 1.636343, ""beta3"": 7.516546, ""tau1"": 0.863179, ""tau2"": 15.070858}"
2026-03-18,1.16078,0.654127,1.776297,7.434663,0.91484,14.872972,"{""date"": ""2026-03-18"", ""period"": ""18 Mar 2026"", ""beta0"": 1.16078, ""beta1"": 0.654127, ""beta2"": 1.776297, ""beta3"": 7.434663, ""tau1"": 0.91484, ""tau2"": 14.872972}"
2026-03-19,1.14848,0.642833,2.046338,7.41374,0.913366,14.793862,"{""date"": ""2026-03-19"", ""period"": ""19 Mar 2026"", ""beta0"": 1.14848, ""beta1"": 0.642833, ""beta2"": 2.046338, ""beta3"": 7.41374, ""tau1"": 0.913366, ""tau2"": 14.793862}"
2026-03-20,1.129517,0.677331,2.357862,7.591128,0.998163,14.999563,"{""date"": ""2026-03-20"", ""period"": ""20 Mar 2026"", ""beta0"": 1.129517, ""beta1"": 0.677331, ""beta2"": 2.357862, ""beta3"": 7.591128, ""tau1"": 0.998163, ""tau2"": 14.999563}"
2026-03-23,1.18,0.721164,2.035798,7.360835,0.892879,14.784363,"{""date"": ""2026-03-23"", ""period"": ""23 Mar 2026"", ""beta0"": 1.18, ""beta1"": 0.721164, ""beta2"": 2.035798, ""beta3"": 7.360835, ""tau1"": 0.892879, ""tau2"": 14.784363}"
2026-03-24,1.139478,0.689297,2.429616,7.400214,0.867412,14.211818,"{""date"": ""2026-03-24"", ""period"": ""24 Mar 2026"", ""beta0"": 1.139478, ""beta1"": 0.689297, ""beta2"": 2.429616, ""beta3"": 7.400214, ""tau1"": 0.867412, ""tau2"": 14.211818}"
2026-03-25,1.153228,0.682347,2.359486,7.155432,0.844544,14.141064,"{""date"": ""2026-03-25"", ""period"": ""25 Mar 2026"", ""beta0"": 1.153228, ""beta1"": 0.682347, ""beta2"": 2.359486, ""beta3"": 7.155432, ""tau1"": 0.844544, ""tau2"": 14.141064}"
2026-03-26,1.164096,0.689967,2.443759,7.329445,0.86435,13.853053,"{""date"": ""2026-03-26"", ""period"": ""26 Mar 2026"", ""beta0"": 1.164096, ""beta1"": 0.689967, ""beta2"": 2.443759, ""beta3"": 7.329445, ""tau1"": 0.86435, ""tau2"": 13.853053}"
2026-03-27,1.153005,0.678563,2.480948,7.551125,0.881433,13.71667,"{""date"": ""2026-03-27"", ""period"": ""27 Mar 2026"", ""beta0"": 1.153005, ""beta1"": 0.678563, ""beta2"": 2.480948, ""beta3"": 7.551125, ""tau1"": 0.881433, ""tau2"": 13.71667}"
2026-03-30,1.108087,0.647955,2.636657,7.570021,0.805047,13.735744,"{""date"": ""2026-03-30"", ""period"": ""30 Mar 2026"", ""beta0"": 1.108087, ""beta1"": 0.647955, ""beta2"": 2.636657, ""beta3"": 7.570021, ""tau1"": 0.805047, ""tau2"": 13.735744}"
2026-03-31,1.107375,0.677741,2.611843,7.50689,0.784213,13.734658,"{""date"": ""2026-03-31"", ""period"": ""31 Mar 2026"", ""beta0"": 1.107375, ""beta1"": 0.677741, ""beta2"": 2.611843, ""beta3"": 7.50689, ""tau1"": 0.784213, ""tau2"": 13.734658}"
2026-04-01,1.184562,0.741428,2.169335,7.254842,0.80827,14.077497,"{""date"": ""2026-04-01"", ""period"": ""01 Apr 2026"", ""beta0"": 1.184562, ""beta1"": 0.741428, ""beta2"": 2.169335, ""beta3"": 7.254842, ""tau1"": 0.80827, ""tau2"": 14.077497}"
2026-04-02,1.194025,0.726398,2.323664,7.319344,0.802838,14.175021,"{""date"": ""2026-04-02"", ""period"": ""02 Apr 2026"", ""beta0"": 1.194025, ""beta1"": 0.726398, ""beta2"": 2.323664, ""beta3"": 7.319344, ""tau1"": 0.802838, ""tau2"": 14.175021}"
